series,episode,bakers,baker_age,technical,result,baker_occupation,hometown,signature_bake,show_stopper
1,1,Annetha,30,2,IN,Midwife,Essex,Light Jamaican Black Cakewith Strawberries and Cream,"Red, White & Blue Chocolate Cake with Cigarellos, Fresh Fruit, and Cream"
1,1,David,31,3,IN,Entrepreneur,Milton Keynes,Chocolate Orange Cake,"Black Forest Floor Gateauxwith Moulded Chocolate Leaves, Fallen Fruitand Chocolate Mushrooms Moulded from eggs"
1,1,Edd,24,1,IN,Debt collector for Yorkshire Bank,Bradford,Caramel Cinnamon and Banana Cake,N/A
1,1,Jonathan,25,9,IN,Research Analyst,St Albans,Carrot Cake with Lime and Cream Cheese Icing,Three Tiered White and Dark Chocolate with Almond and Cherry
1,1,Miranda,37,8,IN,Food buyer for Marks & Spencer,"Midhurst, West Sussex","Triple Layered Brownie Meringue Cake
with Raspberry Cream",Three Tiered Chocolate Fudge Cake  with Handmade Chocolate Button Decorations
1,1,Lea,51,10,OUT,Retired,"Midlothian, Scotland",Cranberry and Pistachio Cakewith Orange Flower Water Icing,Raspberries and Cream filled Chocolatewith Chocolate-dipped Fresh Fruit
1,2,David,31,8,IN,Entrepreneur,Milton Keynes,Cheddar Cheese and Fresh Rosemary Biscuits,Choux Pastry Swans  Chocolate Profiteroles
1,2,Edd,24,6,IN,Debt collector for Yorkshire Bank,Bradford,Oatmeal Raisin Cookie,Pink Macarons
1,2,Jasminder,45,2,IN,Assistant Credit Control Manager,Birmingham,Millionaires' Shortbread,Meringues with Chocolate and Space DustCoffee flavoured Eclairs
1,2,Jonathan,25,1,IN,Research Analyst,St Albans,Honey and Candied Ginger Cookies,Meringues with Whiskey Cream
1,2,Miranda,37,3,IN,Food buyer for Marks & Spencer,"Midhurst, West Sussex",Fresh Vanilla Biscuits with Royal Icing,Pistachio Macarons
1,2,Ruth,31,5,IN,Retail manager/Housewife,"Poynton, Cheshire",Peanut Shortbread withSalted Peanut Caramel,Almond Macaron with Violet ButtercreamRaspberries and Cream Eclairs
1,2,Annetha,30,7,OUT,Midwife,Essex,Rose Petal Shortbread,Pink Swirl Macarons / Eclairs
1,2,Louise,44,4,OUT,Police Officer,Manchester,Stained Glass Window Shortbread,"Strawberry, Mint, and Cream Meringues  Chocolate Eclairs / Orange, Yellow and Pink Macarons"
1,3,David,31,4,IN,Entrepreneur,Milton Keynes,Chilli Bread,"Walnut and Seed Roll
Red Berry and Almond Bun"
1,3,Edd,24,1,IN,Debt collector for Yorkshire Bank,Bradford,Olive Bread,Tomato and Mozzarella
1,3,Jasminder,45,5,IN,Assistant Credit Control Manager,Birmingham,Focaccia,"Mango and Sultana Buns
Pan au Chocolat with Mars Bars
Tutti Frutti Wheel with Jelly Tots"
1,3,Miranda,37,3,IN,Food buyer for Marks & Spencer,"Midhurst, West Sussex",Walnut and Apricot Bread,"Lemon Iced Buns
Chocolate and Orange Buns"
1,3,Ruth,31,2,IN,Retail manager/Housewife,"Poynton, Cheshire",Maple and Pecan Bread,"Chocolate and Orange Panettone
Cranberry Bagels"
1,3,Jonathan,25,6,OUT,Research Analyst,St Albans,"Anchovy, Sweet Paprika and Oregano Bread","Sticky Lemon Honey Bun
Olive and Anchovy Roll
Sundried Tomatoes and Fresh Herbs Roll
Stilton, Walnut and Apple Roll
Cinnamon and Cardamom Chelsea Bun"
1,4,Edd,24,3,IN,Debt collector for Yorkshire Bank,Bradford,Apple and Plum Pudding,"Apple and Cinnamon Crumble, Nutella Banana Brioche Bread Pudding, Rhubarb and Strawberry Suet Layer"
1,4,Jasminder,45,2,IN,Assistant Credit Control Manager,Birmingham,Sticky Toffee Pudding with Tropical Fruit & Toffee Sauce,"Bread & Butter Pudding, Treacle Suet Pudding with Fresh Fruit, Apple and Pineapple Crumble"
1,4,Miranda,37,1,IN,Food buyer for Marks & Spencer,"Midhurst, West Sussex",Sticky Toffee Pudding,"Queen of Puddings, Chocolate Pear Roly Poly, Strawberry and Rhubarb Crumble"
1,4,Ruth,31,4,IN,Retail manager/Housewife,"Poynton, Cheshire",Peach and Blueberry Boy Bait,"Apple & Ginger Crumble, Rhubarb Suet Crust, Cherry Queen of Puddings"
1,4,David,31,5,OUT,Entrepreneur,Milton Keynes,Pear and Walnut Pudding,"Apple and Blackberry Crumble, Rhubarb and Orange Betty, Suet Pear"
1,5,Edd,24,2,IN,Debt collector for Yorkshire Bank,Bradford,"Chicken, Ham, Leek and Tarragon Pie","Almond Sweet Pastry with Ginger and Chocolate  Raspberry Tart / Yorkshire Curd Tart  Chickpea and Salami, Red and Yellow Pepper, Asparagus Gruyere Quiche Canapés"
1,5,Miranda,37,1,IN,Food buyer for Marks & Spencer,"Midhurst, West Sussex","Summery Salmon, Cod and Prawn Fish Pie","Chocolate Pastry filled with Orange Cheesecake  Chocolate Pastry filled with Milk Chocolate Ganche  Strawberry Tart with Red Currant Glaze  Cheesy Crab, Broad Bean and Tomato, Pancetta Risotto Canapés"
1,5,Ruth,31,3,IN,Retail manager/Housewife,"Poynton, Cheshire",Minced Beef Pie,"Raspberry and Dark Chocolate Tart  Creme Patisserie and Cherry Tart  Citrus Curd Tart with Creme Brulee top  Tomato, Asparagus Twirl Canapés"
1,5,Jasminder,45,4,OUT,Assistant Credit Control Manager,Birmingham,Chicken and Mushroom Pie,"Jaggery, Carrot, and Spiced Condensed Milk Tart  Fruit and Custard Tart  Thai Chili Red Onion, Duck in Plum Sauce, Salmon and Prawn Canapés"
2,1,Ben,31,2,IN,Graphic Designer,Northampton,Rhubarb and Custard CupcakesAfter Dinner Cupcakes,Vanilla Sponge with White Chocolate and Raspberry Buttercream
2,1,Ian,40,10,IN,Fundraiser for English Heritage,"Dunstable, Bedfordshire",Apple and Cinnamon Cupcakes,UNKNOWN
2,1,Janet,63,8,IN,Teacher of Modern Languages,"Formby, Liverpool",Raspberry and Cream Cupcakes,Chocolate Marble Cakewith Dark and White Chocolate Truffles
2,1,Jason,19,6,IN,Civil Engineering Student,Croydon,Lemon Meringue CupcakesApple and Cinnamon Cupcakes,UNKNOWN
2,1,Joanne,41,11,IN,Housewife,"Ongar, Essex",Chocolate Orange CupcakesOrange and Cardamom Cupcakes,Chocolate and Strawberry Cake
2,1,Mary-Anne,45,4,IN,Housewife,"Kidderminster, Worcestershire",Banoffee Cupcakes,Chocolate and Raspberry Opera cake
2,1,Robert,25,3,IN,Photographer,London,Blackberry and Vanilla Cupcakeswith Liquorice Frosting,Genoise Layered Mousse Cakewith Chocolate Ganache
2,1,Simon,31,9,IN,Rugby Coach,Norfolk,Guinness and Chocolate Cupcakes,Two-Tiered Chocolate Courgette Cake
2,1,Urvashi,40,7,IN,Head of Marketing,"Enfield, London",Cherry Blossom CupcakesJapanese Lime Cupcakes,UNKNOWN
2,1,Yasmin,43,5,IN,Childminder,"West Kirby, The Wirral",Cardamom and Pomegranate Cupcakes,UNKNOWN
2,1,Keith,31,12,OUT,House husband,"Arlesey, Bedfordshire",Earl Grey Cupcakes,Chocolate and Sour Cream Cake
2,1,Holly,31,1,STAR BAKER,Advertising executive,Leicester,Cherry Bakewell Inspired CupcakesGinger Cupcakes with Fig Truffle,UNKNOWN
2,2,Ben,31,1,IN,Graphic Designer,Northampton,"Chorizo, Pepper and Gruyere Quiche",Lemon Meringue Tarts
2,2,Holly,31,4,IN,Advertising executive,Leicester,Pesto Quiche,Milk Chocolate and Pistachio TartsTrifle Tarts
2,2,Ian,40,2,IN,Fundraiser for English Heritage,"Dunstable, Bedfordshire","Stilton, Spinach and New Potato Quichewith Paprika and Walnut Pastry",UNKNOWN
2,2,Janet,63,8,IN,Teacher of Modern Languages,"Formby, Liverpool",Quiche Printanière,Red Fruit TartsChocolate and Cherry Tarts
2,2,Joanne,41,10,IN,Housewife,"Ongar, Essex","Caramelised Onion, Gruyere and Thyme Quiche",Raspberry and Mascarpone Tarts with Lemon and Almond PastryHoney and Almond Tarts with Sweetcrust
2,2,Mary-Anne,45,9,IN,Housewife,"Kidderminster, Worcestershire","Roasted Cauliflower, Cheese andCaramelised Onion Quiche",Butterscotch Brulée Tarts in Pecan PastryApple Rose Tarts
2,2,Robert,25,5,IN,Photographer,London,Smoked Bacon and Kale Quiche,"Chocolate, Fennel and Ginger TartAlmond, Creme Patissiere and Poached Pear Tart"
2,2,Urvashi,40,7,IN,Head of Marketing,"Enfield, London","Crab, Coriander and Coconut Quiche",Strawberry and Basil TartsElderflower and Honeycomb Tarts
2,2,Yasmin,43,6,IN,Childminder,"West Kirby, The Wirral",Smoked Haddock and Watercress Quiche,Chocolate and Orange with Cinnamon-Orange Pastry TartsBlueberry and Hazelnut with Hazelnut Pastry Tarts
2,2,Simon,31,11,OUT,Rugby Coach,Norfolk,Smoked Haddock and Watercress Quiche,"Passion Fruit and Ricotta TartsSalted Chocolate, Stem Ginger and Mascarpone Cream Tarts"
2,2,Jason,19,3,STAR BAKER,Civil Engineering Student,Croydon,Salmon and Pak Choi Quiche,Mint Chocolate Tarts Blueberry Bakewell Tarts
2,3,Ben,31,3,IN,Graphic Designer,Northampton,"Walnut, Raisin and Rosemary Loaf",UNKNOWN
2,3,Holly,31,6,IN,Advertising executive,Leicester,Picnic Loaf,Stilton and Walnut Rolls
2,3,Janet,63,8,IN,Teacher of Modern Languages,"Formby, Liverpool",Zupfe Loaf with Gruyère Cheese,Apple and Walnut Granary Rolls Red Onion Cottage Rolls
2,3,Jason,19,7,IN,Civil Engineering Student,Croydon,Cheese and Onion Tear and Share Loaf,UNKNOWN
2,3,Joanne,41,1,IN,Housewife,"Ongar, Essex","Stromboli flavored with Mozzarella, Ham, and Picante Pepper",Unknown
2,3,Mary-Anne,45,5,IN,Housewife,"Kidderminster, Worcestershire",Ploughman's Loaf,Herb and Walnut BreadsChocolate and Chilli Buns
2,3,Robert,25,4,IN,Photographer,London,Rye and Coriander Seed Loaf,Blueberry Brioche RollsLemon and Poppy Seed Rolls
2,3,Ian,40,10,OUT,Fundraiser for English Heritage,"Dunstable, Bedfordshire","Courgette, Caerphilly Cheese and Thyme Loaf",Walnut and Raisin RollsCracked Wheat Logs
2,3,Urvashi,40,9,OUT,Head of Marketing,"Enfield, London",Salt and Peppercorn Loaf,Chilli and Halloumi RollsLemon and Coriander Mini Loaves
2,3,Yasmin,43,2,STAR BAKER,Childminder,"West Kirby, The Wirral",Egyptian Dukkah Loaf with Mixed Spices,"Pesto Bread
Sweet Coconut Rolls"
2,4,Janet,63,4,IN,Teacher of Modern Languages,"Formby, Liverpool",Christmas Marzipan Biscuits,"Raspberry Macarons
Blackcurrant Macarons
Almond Macarons"
2,4,Joanne,41,8,IN,Housewife,"Ongar, Essex",Lavender Biscuits,Blueberry MacaronsCoconut MacaronsStrawberry Macarons
2,4,Mary-Anne,45,2,IN,Housewife,"Kidderminster, Worcestershire",Melting Moments,Blackcurrant and Mint MacaronsGooseberry and Elderflower MacaronsHazelnut Macarons
2,4,Robert,25,7,IN,Photographer,London,Chocolate and Ginger Oat Biscuits,Strawberry and Lime MacaronsLemon MacaronsChocolate and Cardamom Macarons
2,4,Yasmin,43,6,IN,Childminder,"West Kirby, The Wirral",Chocolate Chip and Pistachio Biscotti,Chocolate and Lime MacaronsCoffee and Walnut MacaronsPineapple and Coconut Macarons
2,4,Ben,31,5,OUT,Graphic Designer,Northampton,Stem Ginger Nuts,Chocolate and Almond MacaronsPine Nut MacaronsPistachio Macarons
2,4,Holly,31,3,STAR BAKER,Advertising executive,Leicester,Strawberry and Custard Melts,"'Chocolate bars of my youth'
(Caramel Macarons, Mint Chocolate Macarons and Chocolate Orange Macarons)"
2,4,Jason,19,1,STAR BAKER,Civil Engineering Student,Croydon,Lebkuchen,"Mocktail Macarons
(Mojito, Cranberry Cooler, and Pina Colada)"
2,5,Holly,31,4,IN,Advertising executive,Leicester,"Stilton, Potato and Caramelised Onion Pie",Lime Meringue Pie
2,5,Joanne,41,6,IN,Housewife,"Ongar, Essex",Salmon and Asparagus Pie,Apple and Raspberry Meringue Pie
2,5,Mary-Anne,45,2,IN,Housewife,"Kidderminster, Worcestershire",Chicken and Bacon Pie,Midnight Meringue
2,5,Yasmin,43,5,IN,Childminder,"West Kirby, The Wirral",Family Fish Pie,Peach and Raspberry Meringue Pie
2,5,Jason,19,7,OUT,Civil Engineering Student,Croydon,Brown Down Chicken Pie,Plum Meringue Pie
2,5,Robert,25,3,OUT,Photographer,London,Chicken and Mushroom Pie,Rhubarb and Custard Meringue Pie
2,5,Janet,63,1,STAR BAKER,Teacher of Modern Languages,"Formby, Liverpool",Chicken and Chestnut Pie,Rhubarb Meringue Pie
2,6,Holly,31,3,IN,Advertising executive,Leicester,Father Christmas' Baked Cheesecake,Hansel and Gretel's Croquembouche
2,6,Janet,63,5,IN,Teacher of Modern Languages,"Formby, Liverpool",Rhubarb and Ginger Baked Cheesecake,Orange and Nougatine Croquembouche
2,6,Mary-Anne,45,4,IN,Housewife,"Kidderminster, Worcestershire",Tutti Fruitti Curd Baked Cheesecake,Orange and Praline Croquembouche with Cardamom Caramel
2,6,Yasmin,43,2,OUT,Childminder,"West Kirby, The Wirral",Baked Amaretto Cheesecake,Rose Croquembouche
2,6,Joanne,41,1,STAR BAKER,Housewife,"Ongar, Essex",Rum and Raisin Baked Cheesecake,Limoncello and White Chocolate Croquembouche
2,7,Holly,31,1,IN,Advertising executive,Leicester,"White Chocolate, Hazelnut and Raspberry Genoise Mousse Cake","Apricot, Macadamia and White Chocolate PinwheelsAlmond CroissantsApple, Raisin and Cinnamon Plaits"
2,7,Joanne,41,3,IN,Housewife,"Ongar, Essex",Raspberry & Strawberry Mousse Cake,Pain Aux RaisinChocolate TwistsBanana and Raisin Pastries
2,7,Mary-Anne,45,2,IN,Housewife,"Kidderminster, Worcestershire",Chocolate and Orange Mousse Cake,Raspberry Rose DanishesPraline SpiralsAlsatian Plaited Danishes
2,7,Janet,63,4,OUT,Teacher of Modern Languages,"Formby, Liverpool",Chocolate Amaretto Mousse Cake,Pain Aux RaisinPlain CroissantPain Au Chocolat
2,8,Holly,31,2,Runner-up,Advertising executive,Leicester,Banoffee Inspired Mille Feuille,Strawberry and Cream Meringue NestGooseberry and Elderflower 'Bakewell' TartsNeapolitan Ice-Cream Sandwich
2,8,Mary-Anne,45,3,Runner-up,Housewife,"Kidderminster, Worcestershire",Lemon and Ginger Mille Feuille,Fruit Tarts with Elderflower CustardStrawberry and Rhubarb CheesecakesBlack Fruit Meringue with Everlasting Syllabub
2,8,Joanne,41,1,WINNER,Housewife,"Ongar, Essex",Raspberry and Blueberry Mille Feuille,"Mini Victoria SandwichesRaspberry, White Chocolate and Pistachio Mini MeringuesMini Banoffee Pie with Banana Mousse"
3,1,Brendan,63,10,IN,Recruitment consultant,Sutton Coldfield,"Plum, Sour Cherry & Walnut",UNKNOWN
3,1,Cathryn,27,5,IN,Shop assistant,"Pease Pottage, West Sussex","Apple, Hazelnut and Calvados",Hidden Cupcake Cake
3,1,Danny,45,7,IN,Intensive care consultant,Sheffield,"Plum, Ginger & Orange",UNKNOWN
3,1,James,21,2,IN,Medical student,"Hillswick, Shetland Islands","Parsnip, Pear, and Pecan","""Simmer Dim"" Sunset Cake"
3,1,John,22,11,IN,Law student,Wigan,"Toffee Apple, Orange & Cranberry",Hidden Pink Hearts Cake
3,1,Manisha,27,6,IN,Nursery nurse,Leicester,"Vanilla, Peach and Raspberry",White Chocolate Cake with a Red Velvet and White Chocolate Mousse Heart
3,1,Peter,43,3,IN,Sales manager,"Windsor, Berkshire","Pear, Muscat & Chocolate",Jubilee Cake
3,1,Ryan,38,8,IN,Photographer,Bristol,Kumquat and Orange Polenta,Hidden Flowerbed Mousse Cake
3,1,Sarah-Jane,28,1,IN,Vicar's wife,"Bewbush, West Sussex","Pear, Chocolate and Hazelnut",Hidden Crown Cake
3,1,Stuart,26,9,IN,PE teacher,"Lichfield, Staffordshire",Tomato and Ginger,Lemon and Pistachio Union Flag Cake
3,1,Natasha,36,12,OUT,Midwife,"Tamworth, Staffordshire",Pineapple & Passion Fruit,Mother's Day Layered Rose Cake
3,1,Victoria,50,4,STAR BAKER,CEO of the charity Plantlife,Somerset,Pear and Pecan,Blackbird Pie Cake
3,2,Brendan,63,4,IN,Recruitment consultant,Sutton Coldfield,Middle Eastern Taboon BreadIndian Rotis,"Chocolate and Vanilla Bagels
Cumin and Gruyere Bagels"
3,2,Cathryn,27,8,IN,Shop assistant,"Pease Pottage, West Sussex","Spiced Mango NaanLime, Coriander and Chilli Tortillas","Cranberry and Orange Bagels
Chipotle, Chili, and Smoked Cheddar Bagels"
3,2,Danny,45,3,IN,Intensive care consultant,Sheffield,Lime Coriander and Coconut TortillasZaatar Naan with Dukkah,UNKNOWN
3,2,James,21,2,IN,Medical student,"Hillswick, Shetland Islands","Tomato, Garlic, and Parmesan FlatbreadsTattie Scones","Orange, Mint and Chocolate Bagels
'Millers' Sourdough Bagels"
3,2,Manisha,27,6,IN,Nursery nurse,Leicester,Indian FlatbreadsItalian Flatbreads,UNKNOWN
3,2,Ryan,38,5,IN,Photographer,Bristol,Shanghai Spring Onion FlatbreadsGarlic and Coriander Naan,"Cinnamon and Date Bagels
Tarragon and Rosemary Bagels"
3,2,Sarah-Jane,28,10,IN,Vicar's wife,"Bewbush, West Sussex",Toasted Coconut and Lime RotisOatcakes,UNKNOWN
3,2,Stuart,26,9,IN,PE teacher,"Lichfield, Staffordshire",Bombay BreadChorizo and Spring Onion Naan,"Cinnamon and Cranberry Bagels
Tomato and Thyme Bagels"
3,2,Victoria,50,7,IN,CEO of the charity Plantlife,Somerset,Coriander and Lemon NaanGarlic and Parsnip Chapatis,"Saffron and Golden Raisin Bagels
Porcini Bagels"
3,2,Peter,43,11,OUT,Sales manager,"Windsor, Berkshire",Fennel and Nigella Seed NaanBannock Bread,"Rosemary and Sea Salt Bagels
Apple and Cinnamon Bagels"
3,2,John,22,1,STAR BAKER,Law student,Wigan,"Coriander and Chilli RotisGarlic, Pomegranate and Potato Pitas","Fig, Walnut and Gruyere Bagels
Blueberry and White Chocolate Bagels"
3,3,Brendan,63,9,IN,Recruitment consultant,Sutton Coldfield,Apple and Ginger Tarte Tatin,"Blackberry, Nectarine and Dragon Fruit Tart"
3,3,Cathryn,27,3,IN,Shop assistant,"Pease Pottage, West Sussex","Plum, Cherry and Five Spice Tarte Tatin","Raspberry, Pistachio and Lemon Tart"
3,3,Danny,45,2,IN,Intensive care consultant,Sheffield,Savoury Pear and Roquefort Tarte Tatin,"Pineapple, Coconut and Frangipane Tart"
3,3,John,22,6,IN,Law student,Wigan,Apple and Vanilla Tarte Tatin with Walnut Praline,"Berries, Grapes, Pomegranate, and Dragon Fruit Tart"
3,3,Manisha,27,10,IN,Nursery nurse,Leicester,"Cinnamon, Apple and Pear Tarte Tatin",Rum and Tropical Fruit Tart
3,3,Ryan,38,5,IN,Photographer,Bristol,Spiced Pear Tarte Tatin,UNKNOWN
3,3,Sarah-Jane,28,8,IN,Vicar's wife,"Bewbush, West Sussex",Caramelised Banana Tarte Tatin,French Apple Tart with Blackberry and Cassis Jam
3,3,Stuart,26,7,IN,PE teacher,"Lichfield, Staffordshire",Pear and Almond Tarte Tatin,Raspberry Triple Chocolate Layered Tart
3,3,Victoria,50,4,OUT,CEO of the charity Plantlife,Somerset,"Fig, Walnut and Pink Peppercorn Tarte Tatin",Tropical Fruit Tart with Black Pepper Crust
3,3,James,21,1,STAR BAKER,Medical student,"Hillswick, Shetland Islands",Apple and Lavender Tarte Tatin,"Rose, Lychee and Raspberry Fruit Tart"
3,4,Cathryn,27,3,IN,Shop assistant,"Pease Pottage, West Sussex","White Chocolate, Macadamia and Coffee Torte","Gooseberry, Almond and Honey Meringue"
3,4,Danny,45,2,IN,Intensive care consultant,Sheffield,"Blackberry, White Chocolate, Lemon and Elderflower Torte","'Monte Bianco' Chestnut, Chocolate and Coffee Dacquoise"
3,4,James,21,5,IN,Medical student,"Hillswick, Shetland Islands","Hazelnut, Chocolate and Passionfruit Torte","Fig, Chestnut, Cherry and Chocolate Layered Meringue"
3,4,John,22,6,IN,Law student,Wigan,'Torte Noir' Black Forest Torte with Boozy Cream,Elderflower and Bramble Berry Pavlova
3,4,Manisha,27,9,IN,Nursery nurse,Leicester,"Almond, Chocolate and Cherry Torte",Tiramisu Layered Meringue Dessert
3,4,Ryan,38,7,IN,Photographer,Bristol,Green Tea Opera Torte,"Strawberry, Rose and Pistachio Meringue"
3,4,Sarah-Jane,28,4,IN,Vicar's wife,"Bewbush, West Sussex",Chocolate and Almond Truffle Torte,Hazelnut Tiramisu Layered Meringue
3,4,Stuart,26,8,OUT,PE teacher,"Lichfield, Staffordshire",Black Forest Torte,Choca Blocka Mocha Meringue
3,4,Brendan,63,1,STAR BAKER,Recruitment consultant,Sutton Coldfield,Clementine and Chestnut Torte,"Pear, Chocolate and Hazelnut Dacquoise"
3,5,Brendan,63,3,IN,Recruitment consultant,Sutton Coldfield,Salmon Coulibiac in a Scandinavian Pastry,All American Chiffon Pie
3,5,Cathryn,27,1,IN,Shop assistant,"Pease Pottage, West Sussex",Full English Wellington,Chocolate and Peanut Butter Pumpkin Pie
3,5,Danny,45,7,IN,Intensive care consultant,Sheffield,"Chickpea, Spinach & Mushroom Wellington",Trick or Treat Pumpkin Pie
3,5,James,21,6,IN,Medical student,"Hillswick, Shetland Islands",Four Pig Wellington,Sweet Potato Pie
3,5,John,22,2,IN,Law student,Wigan,Venison and Haggis Wellington,Star-Spangled Pecan Pie
3,5,Sarah-Jane,28,4,IN,Vicar's wife,"Bewbush, West Sussex",Beef Wellington with Parma Ham and Gorgonzola Cheese,Chocolate and Banana Cream Pie
3,5,Manisha,27,5,OUT,Nursery nurse,Leicester,Lamb Wellington with Rosemary and Mint,Banana Scotch Pie
3,5,Ryan,38,8,STAR BAKER,Photographer,Bristol,Curry Spiced Seabass Wellington,Key Lime Pie
3,6,Cathryn,27,3,IN,Shop assistant,"Pease Pottage, West Sussex","Chocolate Walnut Whip Puddings
Elderflower Sponges",Roasted Vegetable Couscous and Sheep Cheese Strudel
3,6,Danny,45,2,IN,Intensive care consultant,Sheffield,Banoffee Puddings with Walnut Butterscotch SauceJubilee Chocolate Fondants,"Leek, Potato, Pistachio and Gruyère Strudel"
3,6,James,21,7,IN,Medical student,"Hillswick, Shetland Islands",Banana and Clove PuddingsClootie Dumplings,"Strawberry, Rhubarb and Ginger Strudel"
3,6,John,22,5,IN,Law student,Wigan,Spicy Toffee PuddingsRaspberry and White Chocolate Puddings,Did not complete due to injury
3,6,Ryan,38,6,IN,Photographer,Bristol,Chocolate FondantsSticky Ginger and Date Puddings,"Apple, Sour Cherry, Raisin and Mixed Nuts Strudel"
3,6,Sarah-Jane,28,4,IN,Vicar's wife,"Bewbush, West Sussex",Sticky Toffee PuddingsGranny's Saucy Lemon Puddings,Sweet Strudel with Sour Cherries
3,6,Brendan,63,1,STAR BAKER,Recruitment consultant,Sutton Coldfield,"Rhubarb, Strawberry and Ginger Puddings
Sticky Toffee Puddings","Spinach, Cheese and Walnut Strudel"
3,7,Brendan,63,4,IN,Recruitment consultant,Sutton Coldfield,Chelsea Bunskis,Black Forest Christmas Stollen
3,7,Cathryn,27,5,IN,Shop assistant,"Pease Pottage, West Sussex",Lady Arundel's Manchet Buns,Bonfire Night Tear 'n' Share Brioche
3,7,James,21,1,IN,Medical student,"Hillswick, Shetland Islands",Easter Chelsea Buns,Whisky Kugelhopf-Brioche Baba
3,7,John,22,3,IN,Law student,Wigan,Cherry and Almond Saffron Buns,Marzipan Stollen
3,7,Ryan,38,6,OUT,Photographer,Bristol,Lardy Cakes,Char Siu Bao
3,7,Sarah-Jane,28,7,OUT,Vicar's wife,"Bewbush, West Sussex","Orange, Nutmeg and Saffron Buns",Sour Cherry and Dark Chocolate Christmas Plait
3,7,Danny,45,2,STAR BAKER,Intensive care consultant,Sheffield,Bakewell Chelsea Buns,European Christmas Wreath
3,8,Brendan,63,2,IN,Recruitment consultant,Sutton Coldfield,Multi-Seed Savoury Crackers,Fantasy Gingerbread Bird House
3,8,Danny,45,4,IN,Intensive care consultant,Sheffield,Spiced Almond Drinks Crackers,Gingerbread Big Ben
3,8,John,22,3,IN,Law student,Wigan,Asian Spice Crackers,Gingerbread Roman Coliseum
3,8,Cathryn,27,5,OUT,Shop assistant,"Pease Pottage, West Sussex",Cheese and Pickle Crackers,Gingerbread Buckingham Palace
3,8,James,21,1,STAR BAKER,Medical student,"Hillswick, Shetland Islands","Smoky Cayenne, Cumin and Chilli Crackers",Gingerbread Barn
3,9,Brendan,63,3,IN,Recruitment consultant,Sutton Coldfield,Coffee Meringue and Hazelnut CreamsApricot and Pistachio FriandsLime Curd Choux Pastry Cygnets,Gateau St. Honoré
3,9,John,22,2,IN,Law student,Wigan,Lemon MadeleinesWhite Chocolate and Raspberry TartletsDark Chocolate and Cherry Macaroons,Gateau St. Honoré a la Passion
3,9,Danny,45,4,OUT,Intensive care consultant,Sheffield,Blackberry and Peppermint MacaroonsMiniature Raspberry and Basil FinanciersOrange and White Chocolate Langues de Chat,Rosewater and Lychee St. Honoré
3,9,James,21,1,STAR BAKER,Medical student,"Hillswick, Shetland Islands","Lemon and Rhubarb TartletsChocolate Indulgence Petits FoursChilli, Lime and Raspberry Macaroons","Coffee, Caramel and Hazelnut Paris-Brest"
3,10,Brendan,63,2,Runner-up,Recruitment consultant,Sutton Coldfield,Potato and Pepper Pithivier,Family Reunion Chiffon Cake
3,10,James,21,1,Runner-up,Medical student,"Hillswick, Shetland Islands",Spanish Pithivier with Chorizo and Red Pepper,United Chiffon Cakes
3,10,John,22,2,WINNER,Law student,Wigan,Italian Sausage and Roasted Vegetable Pithivier,Heaven and Hell Chiffon Cake
4,1,Ali,25,11,IN,Charity worker,"Saltley, Birmingham",Rose and Pistachio Cake,"Chocolate, Raspberry and Passion Fruit Engagement Cake"
4,1,Beca,31,8,IN,Military Wives' Choir Singer,"Aldershot, Hampshire",Grapefruit Sandwich Cake,Chocolate Cherry Indulgence
4,1,Christine,66,3,IN,Director of an engraving company,"Didcot, Oxfordshire","Strawberry, Vanilla and Rosewater Summer Basket",Chocolate and Orange 'Fripperous' Hat Cake
4,1,Deborah,51,9,IN,Dentist,Peterborough,Pineapple Cake,'Coffee Time'
4,1,Frances,31,7,IN,Children's Clothes Designer,"Market Harborough, Leicestershire",Giant Jam Sandwich,Secret Squirrel Cake
4,1,Glenn,37,4,IN,English Teacher,"Teignmouth, Devon",Strawberries and Cream Cake,Almond and Espresso Chocolate Cake
4,1,Howard,51,6,IN,Council Worker,Sheffield,Passion Fruit and Coconut Cake,Black Forest Revisited
4,1,Kimberley,30,10,IN,Psychologist,London,Blood Orange Cake,"Chocolate, Raspberry & Basil Layer Cake"
4,1,Lucy,38,2,IN,Horticulturist,"Grimsby, Lincolnshire",Timperley Early Cake,Thyme 'Wildwood' Cake
4,1,Mark,37,5,IN,Carpenter and Kitchen Fitter,Milton Keynes,Lemon and Poppy Seed Cake,Chocolate Monster
4,1,Ruby,20,12,IN,History of Art and Philosophy Student,"Southend, Essex",Rhubarb and Custard Sandwich Cake,Chocolate and Ginger Night Sky Cake
4,1,Toby,30,13,OUT,Web Programmer,"Reading, Berkshire",Spiced and Iced Carrot Cake,Two Tiered Chocolate Cake
4,1,Robert,54,1,STAR BAKER,Space Satellite Designer,"Melbourn, Cambridgeshire",Pecan and Apple Cake,Raspberry Chocolate Cake
4,2,Ali,25,9,IN,Charity worker,"Saltley, Birmingham",Italian Grissini,Sweet and Savoury Yin Yang Bread
4,2,Beca,31,11,IN,Military Wives' Choir Singer,"Aldershot, Hampshire",Fennel and Chilli Breadsticks,Five Strand Christmas Wreath
4,2,Christine,66,4,IN,Director of an engraving company,"Didcot, Oxfordshire",Mediterranean Breadsticks with Oregano,Double Plaited Loaf
4,2,Deborah,51,8,IN,Dentist,Peterborough,Fennel & Chilli Breadsticks,Walnut Fleur Loaf
4,2,Frances,31,2,IN,Children's Clothes Designer,"Market Harborough, Leicestershire",Giant Matchsticks,Sailor's Knot
4,2,Glenn,37,7,IN,English Teacher,"Teignmouth, Devon",Rosemary and Parmesan Grissini,Harvest Crown
4,2,Howard,51,10,IN,Council Worker,Sheffield,Moroccan Breadsticks,Picasso Sun Bread
4,2,Kimberley,30,1,IN,Psychologist,London,Nigella Seed and Parmesan Breadsticks,Peace Bread
4,2,Mark,37,6,IN,Carpenter and Kitchen Fitter,Milton Keynes,Rosemary & Raisin Breadsticks,Sage & Garlic Plait
4,2,Robert,54,5,IN,Space Satellite Designer,"Melbourn, Cambridgeshire",Twisty Rye Bread Sticks,Tribute Loaf
4,2,Lucy,38,12,OUT,Horticulturist,"Grimsby, Lincolnshire",Grissini with Salt,Roast Tomato Bread
4,2,Ruby,20,3,STAR BAKER,History of Art and Philosophy Student,"Southend, Essex",Mexican Breadsticks,White Chocolate and Orange Peacock Bread
4,3,Ali,25,5,IN,Charity worker,"Saltley, Birmingham","Coconut, Raspberry and Lemon Meringue Trifle",Vanilla Latte Mini CakesLime & Mint Shortbread Pops
4,3,Beca,31,10,IN,Military Wives' Choir Singer,"Aldershot, Hampshire",Orange and Ginger Trifle,Limoncello and Blueberry BurstsMillionaire Shortbread
4,3,Frances,31,8,IN,Children's Clothes Designer,"Market Harborough, Leicestershire",Apple and Blackberry Crumble Trifle,'Ballet Bites' Ginger NutcrackersSugar Plum Fairy Cakes
4,3,Glenn,37,1,IN,English Teacher,"Teignmouth, Devon",Raspberry and Almond Trifle,Billionaire BouchéesOrange Financiers
4,3,Howard,51,7,IN,Council Worker,Sheffield,Caramel and Apple Trifle*,Black Coffee and Cardamom CakesWhite Stilton and Pear Biscuits
4,3,Kimberley,30,6,IN,Psychologist,London,"Peach, Almond and Ginger Trifle",Chocolate Pistachio FinanciersLemon Bergamot Biscuits
4,3,Robert,54,2,IN,Space Satellite Designer,"Melbourn, Cambridgeshire",Rhubarb and Orange Trifle,Almond FriandsTurǫn Macaroons
4,3,Ruby,20,3,IN,History of Art and Philosophy Student,"Southend, Essex",Desert Island Trifle,Lemon Shortbread and White Chocolate SeashellsBlackberry and Chocolate Layer Cakes
4,3,Deborah,51,9,OUT,Dentist,Peterborough,Tropical Trifle*,Canelé Cherry and Chocolate CakesRose Cookies
4,3,Mark,37,11,OUT,Carpenter and Kitchen Fitter,Milton Keynes,"Ginger, Mango and Passion Fruit Trifle",Rose and Pistachio MacaroonsChocolate and Raspberry Bites
4,3,Christine,66,4,STAR BAKER,Director of an engraving company,"Didcot, Oxfordshire",Caribbean Pina Colada Trifle,Ninety-NinersSachertorte Parcels
4,4,Beca,31,2,IN,Military Wives' Choir Singer,"Aldershot, Hampshire",Mamgu's Cherry-Apple Tart,Moroccan Vegetable Filo Feast
4,4,Christine,66,7,IN,Director of an engraving company,"Didcot, Oxfordshire","Granny Rogers' Apple, Plum & Cinnamon Country Pie",Roasted Vegetable Filo Pie with Feta Cheese
4,4,Frances,31,1,IN,Children's Clothes Designer,"Market Harborough, Leicestershire",Peach Pie In the Sky,Cherry Tree Baklava Filo Pie
4,4,Glenn,37,9,IN,English Teacher,"Teignmouth, Devon",Apple & Maple Syrup Pie,Spanakopita (Walnut and Feta Cheese)
4,4,Howard,51,5,IN,Council Worker,Sheffield,Apple Pie with Sage Pastry,Fresh Fig and Feta Filo Flan
4,4,Robert,54,3,IN,Space Satellite Designer,"Melbourn, Cambridgeshire",Apple and Pear Pie with Thyme,Spanakopita with St George's Mushrooms
4,4,Ruby,20,6,IN,History of Art and Philosophy Student,"Southend, Essex",Apple and Marzipan Pie,"Rose, Almond and Raspberry Filo Pie"
4,4,Ali,25,8,OUT,Charity worker,"Saltley, Birmingham",Apple and Ginger Pie with a Pecan and Walnut Shortcrust Pastry,"Orange, Cardamom and Date M'Hanncha"
4,4,Kimberley,30,4,STAR BAKER,Psychologist,London,Pecan and Rosemary Caramel Apple Pie,"Chicken, Bacon and Butternut Squash Pie"
4,5,Beca,31,5,IN,Military Wives' Choir Singer,"Aldershot, Hampshire","Chocolate, Cherry and Hazelnut Brownies",Tiered Macaron and Sugar Dough Biscuit Centrepiece
4,5,Frances,31,3,IN,Children's Clothes Designer,"Market Harborough, Leicestershire",Millionaire Banoffee Bonus,Biscuit Buttons and Beads
4,5,Glenn,37,2,IN,English Teacher,"Teignmouth, Devon",Apricot and Pistachio Tiffin,Shortbread and Macaron Helter-Skelter
4,5,Howard,51,8,IN,Council Worker,Sheffield,Breakfast Traybake,Japanese Pagoda Tea Tower
4,5,Kimberley,30,7,IN,Psychologist,London,Cherry and Almond Bakewell Florentine Slice,Black and White Viennese Biscuit Stack
4,5,Ruby,20,6,IN,History of Art and Philosophy Student,"Southend, Essex",Blackberry and Lemon Bakewell Slice,'Dropped Ice-Cream' Biscuit Centrepiece
4,5,Robert,54,4,OUT,Space Satellite Designer,"Melbourn, Cambridgeshire",Blueberry & Orange Traybake,Dalek
4,5,Christine,66,1,STAR BAKER,Director of an engraving company,"Didcot, Oxfordshire",Mixed Berry and Almond Crumble Traybake,Shortbread Bavarian Clock Tower
4,6,Beca,31,6,IN,Military Wives' Choir Singer,"Aldershot, Hampshire",Bara Brith,Chocolate and Rum-Soaked Prune BriochesCardamom Spiced Lemon Iced Buns
4,6,Christine,66,4,IN,Director of an engraving company,"Didcot, Oxfordshire",Oxford Nutty Fruit Loaf,Schnecken BunsVanilla Custard Skolebrød
4,6,Frances,31,2,IN,Children's Clothes Designer,"Market Harborough, Leicestershire",Chai Tea Loaf,Hot Cross BriochesRhubarb and Custard Kolaches
4,6,Glenn,37,5,IN,English Teacher,"Teignmouth, Devon",Devonshire Panettone,Almond and Apricot BriochesSticky Caramel Kanelbullen
4,6,Kimberley,30,3,IN,Psychologist,London,Chai Spiced Ginger and Date Tea Loaf,Double Chocolate and Hazelnut BriochesDanish Kanelsnurrer
4,6,Howard,51,7,OUT,Council Worker,Sheffield,Date & Hemp Yorkshire Loaf,Peachy BunsGerman Baumschnecken
4,6,Ruby,20,1,STAR BAKER,History of Art and Philosophy Student,"Southend, Essex",Citrus Tea Loaf,Twisted Swedish KanelbullarSaffron St. Lucia Buns
4,7,Beca,31,1,IN,Military Wives' Choir Singer,"Aldershot, Hampshire",Spring Lamb and Vegetable Suet Puddingwith Redcurrant Gravy,Nectarine and Frangipane SquaresChocolate and Hazelnut Vol-au-ventsStrawberries and Cream Mille-feuille
4,7,Christine,66,6,IN,Director of an engraving company,"Didcot, Oxfordshire",Spotted Dick 'With a Kick'and Vanilla Custard Ice Cream,Eccles CakesFresh Fruit BasketsLemon Cream Eton Mess Mille-feuille
4,7,Kimberley,30,4,IN,Psychologist,London,Barberry and Apple Spotted Dickwith Maple Syrup and White Chocolate Custard,"Pear, Malt and Butterscotch Mille-feuilleBlackberry and Lemon Verbena Crème Brûle Custard TartsFig, Orange and Thyme Galette"
4,7,Ruby,20,2,IN,History of Art and Philosophy Student,"Southend, Essex",Plum Jam Roly-Polywith Ginger Ice cream,Raspberry and Passion Fruit Mille-feuilleCaramelised Apple LatticePortuguese Custard Tarts
4,7,Glenn,37,3,OUT,English Teacher,"Teignmouth, Devon",Prune and Armagnac Puddingwith Boozy Butterscotch Sauce,Caramelised Apple and Marzipan TartletsChocolate Elephant EarsPassion Fruit Mille-feuille
4,7,Frances,31,5,STAR BAKER,Children's Clothes Designer,"Market Harborough, Leicestershire",Figgy Roll-y Poly Puddingwith Caramelised Walnut and Honey Ice-Cream,French Framboise Cream HornsSheet Music Mille-feuilleBass Clef Palmiers
4,8,Beca,31,4,IN,Military Wives' Choir Singer,"Aldershot, Hampshire","Potato, Spelt and Rosemary Focaccia",Spiced Butternut Squash and Pecan 'Cheese' Cake
4,8,Frances,31,3,IN,Children's Clothes Designer,"Market Harborough, Leicestershire",'Chelsea Flour Show' Bun Bouquet,"Hidden Carrot Cake (Ground Praline, Beetroot and Walnut)"
4,8,Kimberley,30,2,IN,Psychologist,London,Wild Garlic Pesto and Parma Ham Spelt Loaf,Butternut Squash and Spice Cake Toadstool House
4,8,Christine,66,5,OUT,Director of an engraving company,"Didcot, Oxfordshire","Multi-Seeded Loaf with Pumpkin, Sesame and Sunflower Seeds",Sweet Potato Guitar with Passion Fruit Icing and Marshmallow Fondant
4,8,Ruby,20,1,STAR BAKER,History of Art and Philosophy Student,"Southend, Essex",Mango and Nigella Seed Spelt Cob,Carrot Cake and Pistachio Garden Plot
4,9,Frances,31,2,IN,Children's Clothes Designer,"Market Harborough, Leicestershire","Legume Canapés:
Chantenay CarrotsChoux Pastry TomatoesCauliflower Cheese Scones",Great British Soap Opera Cake
4,9,Ruby,20,4,IN,History of Art and Philosophy Student,"Southend, Essex","Beetroot Jelly on Poppy Seed BiscuitsSpinach, Parmesan and Egg TartletsChoux Buns with Goat's Cheese and Caramelised Onions","Chocolate, Almond Praline and Saffron Opera Cake"
4,9,Beca,31,3,OUT,Military Wives' Choir Singer,"Aldershot, Hampshire",Stilton and Walnut MacaronsBeetroot and Salmon Choux PuffsWelsh Rarebit Tartlets,Banoffee Opera Cake
4,9,Kimberley,30,1,STAR BAKER,Psychologist,London,Pea Purée TartsCrab and Wasabi ProfiterolesSteamed Buns with Barbecue Chicken,Passion Fruit and Lime Opera Cake
4,10,Kimberley,30,1,Runner-up,Psychologist,London,Chicken and Pig Pie,Languages of Love Wedding Cake
4,10,Ruby,20,2,Runner-up,History of Art and Philosophy Student,"Southend, Essex",Picnic Basket Pie,"Raspberry, Lemon and Passion Fruit Wedding Cake"
4,10,Frances,31,3,WINNER,Children's Clothes Designer,"Market Harborough, Leicestershire",Rainbow Picnic Pie,Midsummer Night's Dream Wedding Cake
5,1,Chetna,35,3,IN,Fashion Designer,"Broadstairs, Kent","Cardamom, Pistachio and Coffee Swiss Roll",Tiered Victoria Sponges with Lemon Curd and Raspberry Cream
5,1,Diana,69,5,IN,Women's Institute (WI) Judge,"Alkington, Shropshire",Mum's Sunday Tea Lemon Curd Swiss Roll,Chocolate Ganache Surprises
5,1,Enwezor,39,9,IN,Business Consultant,"Portsmouth, Hampshire",Raspberry and Lemon Swiss Roll,Coffee and Walnut Battenberg Squares
5,1,Iain,31,4,IN,Construction Engineer,London/Belfast,Apricot and Basil Swiss Roll with Mascarpone and White Chocolate Cream,"Lemon Drizzle Cakes with Mascarpone Filling, Drizzled Icing, and Candied Lemon"
5,1,Jordan,32,12,IN,IT Manager,"Sneinton, Nottingham",Kawaii Frasier Swiss Roll,Lemon Drizzle Cakes with Blueberry and Lemon Curd
5,1,Kate,41,6,IN,Furniture Restorer,"Brighton, East Sussex",Red Velvet and White Chocolate Swiss Roll,Mini Tiered Victoria Sponges
5,1,Luis,42,7,IN,Graphic Designer,"Poynton, Cheshire",Spanish Swiss Roll,Raspberry and Lemon Genoise Slices with Lemon Drizzles
5,1,Martha,17,2,IN,Student,"Ascot, Berkshire",Tiramisu Swiss Roll,Mini Lemon and Thyme Drizzle Cakes
5,1,Norman,66,11,IN,Retired Naval Officer,"Portknockie, Moray",Black Forest Swiss Roll,Almond and Raspberry Mini Cakes
5,1,Richard,38,10,IN,Builder,"Mill Hill, London",Pistachio and Strawberry Swiss Roll,Miniature Coffee & Walnut Cakes
5,1,Claire,31,8,OUT,Speech Therapist,"Ashton upon Mersey, Trafford",Chocolatey Orangey Swirly Roll,Mini Chocolate and Cherry Cakes
5,1,Nancy,60,1,STAR BAKER,Retired Practice Manager,"Barton-upon-Humber, Lincolnshire",Coffee and Hazelnut Swiss Roll,Jaffa Orange Cakes
5,2,Chetna,35,8,IN,Fashion Designer,"Broadstairs, Kent",Fenugreek and Carom Crackers,Day On The Beach
5,2,Diana,69,7,IN,Women's Institute (WI) Judge,"Alkington, Shropshire",Parmesan Triangles,"Express, First Class"
5,2,Iain,31,11,IN,Construction Engineer,London/Belfast,Za'atar and Fig Biscuits,Wild West Scene
5,2,Jordan,32,6,IN,IT Manager,"Sneinton, Nottingham","Sourdough, Parmesan and Chilli Biscuits",Monster Attack
5,2,Kate,41,4,IN,Furniture Restorer,"Brighton, East Sussex",Parmesan and Apple Biscuits,Tea Time
5,2,Luis,42,3,IN,Graphic Designer,"Poynton, Cheshire",Black Olive and Rosemary Biscuits with Caramelised Onion Glaze,George Versus The Dragon
5,2,Martha,17,5,IN,Student,"Ascot, Berkshire",Caramelised Onion and Goat's Cheese Sandwich Biscuits,Ski Village Scene
5,2,Nancy,60,2,IN,Retired Practice Manager,"Barton-upon-Humber, Lincolnshire",Fennel and Rye Thins,Hansel and Gretel Scene
5,2,Norman,66,10,IN,Retired Naval Officer,"Portknockie, Moray",Farthing Biscuits,Zulu Boats at Dawn
5,2,Enwezor,39,9,OUT,Business Consultant,"Portsmouth, Hampshire",Pumpkin and Sunflower Savoury Biscuits,Space Adventure Moon Scene
5,2,Richard,38,1,STAR BAKER,Builder,"Mill Hill, London",Rosemary Seeded Crackers,Pirates!
5,3,Chetna,35,8,IN,Fashion Designer,"Broadstairs, Kent",Onion and Pine Nut Rolls,Rolled and Filled Twin Loaf
5,3,Diana,69,7,IN,Women's Institute (WI) Judge,"Alkington, Shropshire",Rustic Picnic Rolls,Sharing Savoury Pinwheel
5,3,Iain,31,9,IN,Construction Engineer,London/Belfast,Cranberry and Walnut Rye Bread Rolls,Moroccan Plaited with a Bessara Dip
5,3,Kate,41,1,IN,Furniture Restorer,"Brighton, East Sussex",Orange and Cardamom Rye Bread Knots,"Prosciutto, Olive and Coriander Bread"
5,3,Martha,17,3,IN,Student,"Ascot, Berkshire",Date and Walnut Rye Rolls,Stuffed Sunflower Loaf
5,3,Nancy,60,5,IN,Retired Practice Manager,"Barton-upon-Humber, Lincolnshire",Cider and Walnut Crusty Rolls,'Full English' Stromboli
5,3,Norman,66,4,IN,Retired Naval Officer,"Portknockie, Moray",Rye Bread Rolls,Chicken and Roasted Vegetable Picnic Loaf
5,3,Richard,38,6,IN,Builder,"Mill Hill, London",Rye and Cranberry Rolls,Pesto Pinwheel
5,3,Jordan,32,10,OUT,IT Manager,"Sneinton, Nottingham",Rye and Spelt Bread Rolls,Strawberry Raspberry Cheesecake Brioche
5,3,Luis,42,2,STAR BAKER,Graphic Designer,"Poynton, Cheshire",Opposites Attract Rolls,Roscón de Reyes
5,4,Chetna,35,3,IN,Fashion Designer,"Broadstairs, Kent","Rhubarb, Strawberry and Orange Puddings","Mango, Raspberry and Coconut Baked Alaska"
5,4,Diana,69,9,IN,Women's Institute (WI) Judge,"Alkington, Shropshire",Orange and Lemon Curd Pots,Raspberry Ripple Alaska Swan
5,4,Kate,41,7,IN,Furniture Restorer,"Brighton, East Sussex",Chocolate and Salted Caramel Molten Puddings,"Pistachio, Raspberry and Chocolate Baked Alaska"
5,4,Luis,42,2,IN,Graphic Designer,"Poynton, Cheshire",Pears in Puddings,Bakewell Alaska
5,4,Martha,17,1,IN,Student,"Ascot, Berkshire",Peanut Butter Chocolate Fondants,Key Lime Baked Alaska
5,4,Nancy,60,4,IN,Retired Practice Manager,"Barton-upon-Humber, Lincolnshire",Pistachio Puddings with Chocolate Sauce,Summer Pudding Alaska
5,4,Norman,66,8,IN,Retired Naval Officer,"Portknockie, Moray",Mini Sticky Toffee Puddings,Baked Alaska with Strawberry Surprise
5,4,Iain,31,6,OUT,Construction Engineer,London/Belfast,"Chocolate, Lime and Raspberry Fondants","Chocolate, Black Sesame Seed and Coffee Caramel Baked Alaska (not presented)"
5,4,Richard,38,5,STAR BAKER,Builder,"Mill Hill, London",Black Forest Chocolate Fondants,Tiramisu Baked Alaska
5,5,Chetna,35,2,IN,Fashion Designer,"Broadstairs, Kent",Rice Custard Tart with Mangoes and Raspberries,Fusion Tiered Pies
5,5,Luis,42,6,IN,Graphic Designer,"Poynton, Cheshire",Tropical Manchester Tart,Four Fruity Seasons Tower
5,5,Martha,17,1,IN,Student,"Ascot, Berkshire","Pistachio, Apricot and Honey Custard Tart",Three Little Pigs Pie
5,5,Nancy,60,4,IN,Retired Practice Manager,"Barton-upon-Humber, Lincolnshire",Chocolate Crusted Passion Fruit Tart,Trio of Apple Pies
5,5,Richard,38,7,IN,Builder,"Mill Hill, London",Fig and Orange Tart,Three Course Autumn Pie Feast
5,5,Norman,66,5,OUT,Retired Naval Officer,"Portknockie, Moray",Tarte au Citron,Pieful Tower
5,5,Kate,41,3,STAR BAKER,Furniture Restorer,"Brighton, East Sussex",Rhubarb and Custard Tart,"Rhubarb, Prune and Apple Pies"
5,6,Kate,41,6,IN,Furniture Restorer,"Brighton, East Sussex","Pecan, Chocolate and Sour Cherry Yeast Cake",Trio of Dobos Tortes
5,6,Luis,42,3,IN,Graphic Designer,"Poynton, Cheshire",Apple and Cinnamon Kugelhopf with Honeyed Apples,The Cage on the Rocky Hill
5,6,Martha,17,4,IN,Student,"Ascot, Berkshire",Dark Chocolate and Almond Liqueur Savarin,Chess-Themed Chocolate and Salted Caramel Dobos Torte
5,6,Nancy,60,1,IN,Retired Practice Manager,"Barton-upon-Humber, Lincolnshire",Rum Punch Savarin with Coconut Cream and Tropical Fruits,Chocolate and Caramel Dobos Torte
5,6,Richard,38,5,IN,Builder,"Mill Hill, London",Fruity Guglhupf with an Orange Glaze,Sugar Forest Dobos Torte
5,6,Chetna,35,2,STAR BAKER,Fashion Designer,"Broadstairs, Kent",Orange Savarin with Cinnamon Cream,Almond Liqueur Dobos Torte with Chocolate Caramel Buttercream
5,7,Chetna,35,6,IN,Fashion Designer,"Broadstairs, Kent",Crispy Lentil Kachori,Chocolate and Mango & Lemon Meringue Éclairs
5,7,Luis,42,5,IN,Graphic Designer,"Poynton, Cheshire",Childhood Empanadas,"Stars and Stripes Éclairs
(Blueberry Cheesecake & Peanut Butter and Jelly Éclairs)"
5,7,Martha,17,3,IN,Student,"Ascot, Berkshire",Mini Beef Wellingtons,Rhubarb and Custard & Maple Syrup and Bacon Éclairs
5,7,Nancy,60,2,IN,Retired Practice Manager,"Barton-upon-Humber, Lincolnshire",Spicy Duck Pasties,Smoked Salmon and Horseradish & Raspberry Ripple Éclairs
5,7,Kate,41,4,OUT,Furniture Restorer,"Brighton, East Sussex",Spinach and Paneer Spicy Samosa,Neapolitan & Lemon Meringue Éclairs
5,7,Richard,38,1,STAR BAKER,Builder,"Mill Hill, London",Minted Lamb Pasties,"Stair of Éclairs
(Lavender and Blueberry & Rose and Raspberry Éclairs)"
5,8,Chetna,35,1,IN,Fashion Designer,"Broadstairs, Kent",Date and Walnut Swirl Bread,Chocolate Mousse Filled DoughnutsBraided Doughnuts
5,8,Luis,42,2,IN,Graphic Designer,"Poynton, Cheshire",Black Forest Cherry Tree,"Cocktail Doughnuts
(Mudslide & Raspberry Mojito)"
5,8,Nancy,60,3,IN,Retired Practice Manager,"Barton-upon-Humber, Lincolnshire",Lincolnshire Plum Braid,"Doughnut Family Tree
(Limoncello and Almond & Milk Chocolate and Orange)"
5,8,Martha,17,5,OUT,Student,"Ascot, Berkshire",Spiced Plum Iced Bread Swirl,Glazed Lemon & Poppy Seed DoughnutsChocolate & Passion Fruit Doughnuts
5,8,Richard,38,4,STAR BAKER,Builder,"Mill Hill, London",Fruit Swedish Tea Ring,Rhubarb and Custard and Toffee Apple Doughnuts
5,9,Luis,42,1,IN,Graphic Designer,"Poynton, Cheshire",Indian Rose BaklavaHalwa Baklava Rolls,"Chocolate Mousse & Cherry EntremetsPomegranate, Fig & Pistachio Sponges"
5,9,Nancy,60,3,IN,Retired Practice Manager,"Barton-upon-Humber, Lincolnshire",Coffee and Chocolate BaklavaBreakfast Baklava,Raspberry NonnettesLime and Passion Fruit Entremets
5,9,Chetna,35,4,OUT,Fashion Designer,"Broadstairs, Kent",Chocolate Orange Baklava Masala Chai Baklava,"Chocolate, Orange & Nut EntremetsCappuccino Entremets"
5,9,Richard,38,2,STAR BAKER,Builder,"Mill Hill, London",Rose and Pistachio BaklavaWalnut and Almond Baklava,Hazelnut Mocha EntremetsPink Grapefruit Entremets
5,10,Luis,42,2,Runner-up,Graphic Designer,"Poynton, Cheshire","Apple, Walnut, Raisin and Cheshire Cheese ChaussonsPain au Chocolat Blanc with Raspberries and Cream Cheese",Village in Chocolate
5,10,Richard,38,3,Runner-up,Builder,"Mill Hill, London",Pear Pain au ChocolatPain Au Lait,Mill on the Hill
5,10,Nancy,60,1,WINNER,Retired Practice Manager,"Barton-upon-Humber, Lincolnshire",Apple and Lemon KitesRaspberry and Almond Croissants,Red Windmill
6,1,Alvin,37,2,IN,Nurse,"Bracknell, Berkshire",Orange Vanilla and Fig Madeira Cake,Black Forest Gâteau
6,1,Dorret,53,5,IN,Accountant,"Penwortham, Lancashire",Madeira Cake with Candied Lemons,Enchanted Forest Gâteau
6,1,Flora,19,6,IN,Art gallery assistant,"Dunkeld, Perth and Kinross",Blood Orange Madeira Cake,Black Forest Gâteau
6,1,Ian,41,8,IN,Travel photographer,"Great Wilbraham, Cambridgeshire",Somewhere West of Madeira Cake,Black Forest Cherry Tree
6,1,Mat,37,7,IN,Fire fighter,London,Gin and Tonic Madeira Cake,Black Forest Gateau
6,1,Nadiya,30,12,IN,Full-time mother,Leeds / Luton,Orange and Green Cardamom Madeira Cake,Quadruple Chocolate Black Forest Gâteau
6,1,Paul,49,10,IN,Prison governor,"Swansea, Wales","Lemon, Ginger and Caraway Seed Madeira Cake",Black Forest Chocolate Creation
6,1,Sandy,49,9,IN,Child welfare officer,"Yeadon, West Yorkshire",Madeira Cake with Almond Liqueur and Chopped Apricots,Black Forest Gâteau
6,1,Tamal,29,4,IN,Trainee anaesthetist,Manchester,Pistachio and Rose Madeira Cake,Black Forest Gâteau in a Chocolate Shell
6,1,Ugnė,32,1,IN,PA and administrator,"Woodford, London / Vilkaviškis, Lithuania",Lemon and Thyme Madeira Cake,Falling Cup Gâteau
6,1,Stu,35,11,OUT,Professional musician,"Guildford, Surrey",Marley Madeira Cake,Purple Forest Gâteau
6,1,Marie,66,3,STAR BAKER,Retired,"Auchterarder, Perthshire",Zingy Citrus Madeira Cake,A Walk in the Black Forest
6,2,Alvin,37,6,IN,Nurse,"Bracknell, Berkshire","Jackfruit, Pistachio and Macadamia Biscotti",Gingerbread Box filled with Brandy Snaps
6,2,Dorret,53,1,IN,Accountant,"Penwortham, Lancashire",Almond and Apricot Biscotti with Amber Sugar Crystals,Box of Frogs
6,2,Flora,19,2,IN,Art gallery assistant,"Dunkeld, Perth and Kinross",Wedding Biscotti,Honey and Earl Grey Tea Box
6,2,Mat,37,5,IN,Fire fighter,London,"Pistachio, Cranberry and White Chocolate Biscotti",Gingerbread Fire Engine
6,2,Nadiya,30,9,IN,Full-time mother,Leeds / Luton,"Coconut, Fennel and Pistachio Biscotti",Box of Fortunes
6,2,Paul,49,10,IN,Prison governor,"Swansea, Wales","Chocolate, Hazelnut and Fig Biscotti",Memory Box
6,2,Sandy,49,4,IN,Child welfare officer,"Yeadon, West Yorkshire",Chocolate Chunk and Hazelnut Biscotti,Sundried Tomato Cheese Biscuit Box
6,2,Tamal,29,8,IN,Trainee anaesthetist,Manchester,"Cinnamon, Maple and Cranberry Biscotti",Chessboard Box
6,2,Ugnė,32,7,IN,PA and administrator,"Woodford, London / Vilkaviškis, Lithuania",White Wine Biscotti,Baby Climbing into the Cookie Box
6,2,Marie,66,11,OUT,Retired,"Auchterarder, Perthshire",Biscotti Italiano,Russian Box
6,2,Ian,41,3,STAR BAKER,Travel photographer,"Great Wilbraham, Cambridgeshire","Orange, Rosemary and Almond Biscotti",Sandwich de la Confiture
6,3,Alvin,37,4,IN,Nurse,"Bracknell, Berkshire","Prosciutto, Manchego and Balsamic Onion Soda Breads",Cornucopia
6,3,Flora,19,2,IN,Art gallery assistant,"Dunkeld, Perth and Kinross",Fig and Hazelnut Rye Breads,Herb Couture
6,3,Mat,37,8,IN,Fire fighter,London,"Jalapeño, Mexican Cheddar and Smoked Salt Soda Breads",Curry Inspired Brighton Pavilion
6,3,Nadiya,30,9,IN,Full-time mother,Leeds / Luton,Mexican Bread with Warm Tomato Salsa,Snake Charmer's Basket
6,3,Paul,49,10,IN,Prison governor,"Swansea, Wales",Cranberry and Orange Sweet Soda Breads,King of the Jungle
6,3,Sandy,49,7,IN,Child welfare officer,"Yeadon, West Yorkshire",Soda Breads with Smoked Bacon and Onion,Basket of Bread Flowers with a Walnut and Blue Cheese Centre
6,3,Tamal,29,3,IN,Trainee anaesthetist,Manchester,"Fig, Cheese and Walnut Breads",Breadcycle
6,3,Ugnė,32,5,IN,PA and administrator,"Woodford, London / Vilkaviškis, Lithuania",Chocolate Quick Breads with Salted Caramel Sauce,Easter Basket
6,3,Dorret,53,6,OUT,Accountant,"Penwortham, Lancashire",Walnut and Stilton Soda Breads,Unmade Bread
6,3,Ian,41,1,STAR BAKER,Travel photographer,"Great Wilbraham, Cambridgeshire",Wild Garlic Pesto Soda Breads,Flour Power
6,4,Alvin,37,9,IN,Nurse,"Bracknell, Berkshire",Blackberry Crème Brûlées,Tower of Fruits Cheesecakes
6,4,Flora,19,3,IN,Art gallery assistant,"Dunkeld, Perth and Kinross",Rhubarb and Ginger Crème Brûlées,Elderflower and Granola Cheesecakes
6,4,Mat,37,7,IN,Fire fighter,London,Coconut Crème Brûlées,Chocolate Bar Cheesecakes
6,4,Nadiya,30,8,IN,Full-time mother,Leeds / Luton,Cinnamon Tea Crème Brûlées,Fizzy Pop Cheesecakes
6,4,Paul,49,1,IN,Prison governor,"Swansea, Wales",Almond Crème Brûlées,Berry Cheesecake Tower
6,4,Tamal,29,5,IN,Trainee anaesthetist,Manchester,Rhubarb and Ginger Crème Brûlées,"Mango, Hazelnut and Rosemary Cheesecake Trio"
6,4,Ugnė,32,2,IN,PA and administrator,"Woodford, London / Vilkaviškis, Lithuania",Marula Fruit and Coffee Liqueur Crème Brûlées,"Lime, Coconut and Hazelnut Cheesecakes"
6,4,Sandy,49,6,OUT,Child welfare officer,"Yeadon, West Yorkshire",Pontefract Crème Brûlées,"Cassata, Whisky and Orange & Apple Pie Cheesecakes"
6,4,Ian,41,4,STAR BAKER,Travel photographer,"Great Wilbraham, Cambridgeshire",Pomegranate Two Ways Crème Brûlées,Trio of Spicy and Herby Baked Cheesecakes
6,5,Alvin,37,8,IN,Nurse,"Bracknell, Berkshire",Pineapple Upside Down Cake,"Buko Pandan, Mango and Passion Fruit Ice Cream Roll"
6,5,Flora,19,3,IN,Art gallery assistant,"Dunkeld, Perth and Kinross","Pistachio, Apple and Cardamom Madeleine Cake",Chocolate and Pear Bûche
6,5,Ian,41,5,IN,Travel photographer,"Great Wilbraham, Cambridgeshire",Honey and Flowers Cake,Dessert Island
6,5,Mat,37,4,IN,Fire fighter,London,Sugar Free Carrot Cake,Raspberry and Coconut Ice Cream Roll
6,5,Paul,49,2,IN,Prison governor,"Swansea, Wales",Carrot & Pecan Cake,Dessert Island Getaway
6,5,Tamal,29,7,IN,Trainee anaesthetist,Manchester,Honey and Grapefruit Polenta Cake,Passion Fruit and Pineapple Ice Cream Roll
6,5,Ugnė,32,6,OUT,PA and administrator,"Woodford, London / Vilkaviškis, Lithuania",Chocolate and Hazelnut Sugar-Free Cake,"Chocolate, Peanut Butter and Grape Jam Roll"
6,5,Nadiya,30,1,STAR BAKER,Full-time mother,Leeds / Luton,Naked Blueberry and Caraway Crunch Cake,Chocolate and Strawberry Lime Ice Cream Roll
6,6,Flora,19,2,IN,Art gallery assistant,"Dunkeld, Perth and Kinross",Apricot and Rosemary Frangipane Tart,Asparagus and Parma Ham and Praline and Chocolate Vol-au-vents
6,6,Ian,41,3,IN,Travel photographer,"Great Wilbraham, Cambridgeshire",Pear and Raspberry Frangipane Tart,vol-au-vents Terre et Mer
6,6,Nadiya,30,4,IN,Full-time mother,Leeds / Luton,"Bay Leaf, Rong Tea and Pear Tart",Bengali Korma and Clementine with Cod Vol-au-vents
6,6,Paul,49,5,IN,Prison governor,"Swansea, Wales",Christmas Frangipane Tart,Savoury and Sweet Bouchées
6,6,Tamal,29,7,IN,Trainee anaesthetist,Manchester,Spiced Pear Frangipane Tart,Fennel and Rosemary Pulled Pork and Chicken and Coriander vol-au-vents
6,6,Alvin,37,6,OUT,Nurse,"Bracknell, Berkshire",Plum Frangipane Tart,Smoked Salmon En Croûte and Vermouth Chicken à la King Vol-au-vents
6,6,Mat,37,1,STAR BAKER,Fire fighter,London,Piña Colada Frangipane Tart,His 'n' Hers Vol-au-vents
6,7,Flora,19,4,IN,Art gallery assistant,"Dunkeld, Perth and Kinross",Game Pie with Shallot and Apple Chutney,"Raspberry, Pomegranate and Champagne Charlotte Russe"
6,7,Ian,41,5,IN,Travel photographer,"Great Wilbraham, Cambridgeshire",Roadkill Pie,Victoria's Crown Charlotte Russe
6,7,Nadiya,30,1,IN,Full-time mother,Leeds / Luton,Aromatic Raised Game Pie,Mango and Raspberry Charlotte Russe
6,7,Paul,49,2,IN,Prison governor,"Swansea, Wales",Not a Boaring Pie,Charlotte Rose
6,7,Mat,37,6,OUT,Fire fighter,London,Raised Venison and Pigeon Pie,Strawberry Charlotte Russe
6,7,Tamal,29,3,STAR BAKER,Trainee anaesthetist,Manchester,Middle Eastern Game Pie,"Spiced Blackberry, Raspberry and Cardamom Charlotte Russe"
6,8,Flora,19,3,IN,Art gallery assistant,"Dunkeld, Perth and Kinross",Peach & Lemon Thyme and Smoked Almond & Butterscotch Cream Horns,Lime & Basil and Coconut & White Chocolate Religieuse à l'ancienne
6,8,Ian,41,2,IN,Travel photographer,"Great Wilbraham, Cambridgeshire",Mont Blanc & Black Forest Gâteau Horns,Nun with Hidden Passions
6,8,Tamal,29,4,IN,Trainee anaesthetist,Manchester,Lime & Mascarpone and Malt Cream Horns,Passionfruit & Mango and Pistachio & Raspberry Religieuse à l'ancienne
6,8,Paul,49,5,OUT,Prison governor,"Swansea, Wales",Café Tipple & Banana Crunch-away Horns,Religieuse à l'ancienne
6,8,Nadiya,30,1,STAR BAKER,Full-time mother,Leeds / Luton,Rose Pistachio and Mocha Hazelnut Horns,Bubble Gum and Peppermint Cream Religieuse à l'ancienne
6,9,Ian,41,3,IN,Travel photographer,"Great Wilbraham, Cambridgeshire",Chocolate and Bay Tart,Chocolate Well
6,9,Tamal,29,2,IN,Trainee anaesthetist,Manchester,Chocolate New York Pie,Chocolate Bell Tower
6,9,Flora,19,1,OUT,Art gallery assistant,"Dunkeld, Perth and Kinross",Passion Fruit and Chocolate Tart,Cocoa Carousel
6,9,Nadiya,30,4,STAR BAKER,Full-time mother,Leeds / Luton,Peanut Salted Caramel and Chocolate Tart,Peacock in Nan's Door
6,10,Ian,41,2,Runner-up,Travel photographer,"Great Wilbraham, Cambridgeshire",Elderflower and Lemon & Spiced Buns,Colossal Curvy Carrot Cake
6,10,Tamal,29,3,Runner-up,Trainee anaesthetist,Manchester,Cinnamon and Apple & Toffee and Marmalade Iced Buns,Sticky Toffee Pudding Cake
6,10,Nadiya,30,1,WINNER,Full-time mother,Leeds / Luton,Cardamom and Almond Buns & Nutmeg and Sour Cherry Fingers,My Big Fat British Wedding Cake
7,1,Andrew,25,12,IN,Aerospace engineer,"Derby / Holywood, County Down",Lemon and Rosemary Drizzle Cake,'Ultimate Indulgence' Mirror Glaze Cake
7,1,Benjamina,23,6,IN,Teaching assistant,South London,"Pistachio, Cardamom and Lemon Drizzle Cake",White Chocolate Mirror Glaze with Salted Praline Buttercream
7,1,Candice,31,5,IN,PE teacher,"Barton-Le-Clay, Bedfordshire",Raspberry and Rhubarb Drizzle Custard Bundt Cake,"Mirror Mirror On The Wall, Who Is The Shiniest Cake Of Them All?"
7,1,Kate,37,4,IN,Nurse,"Brooke, Norfolk",Berry Best Apple and Bramble Drizzle Cake,One Swallow Does Not Make A Summer Cake
7,1,Louise,46,9,IN,Hairdresser,Cardiff,Orange Liqueur and Lemonade Drizzle Cake,White Chocolate Trifle Mirror Glaze Cake
7,1,Michael,20,3,IN,Student,Durham,"Lime, Ginger and Honey Drizzle Cake",Matcha Tea Chocolate Mirror Glaze
7,1,Rav,28,8,IN,Student support,Erith,Ginger Spice Yuzu Drizzle Cake,Colombian Mocha Mirror Glaze Cake
7,1,Selasi,30,1,IN,Client service associate,London,Citrus and Spice Drizzle Cake,"Raspberry, Sloe and White Chocolate Mirror Glaze Cake"
7,1,Tom,26,2,IN,Project engagement manager,Rochdale,G&T Drizzle Cake,Black Forest Broken Mirror
7,1,Val,66,10,IN,"Semi-retired, Substitute teacher",Yeovil,Mum's Orange and Lemon Drizzle,Chocolate Sponge with Four Fruit Frosting
7,1,Lee,67,11,OUT,Pastor,Bolton,St. Clements Orange and Lemon Drizzle Cake,Strawberry Surprise Mirror Cake
7,1,Jane,61,7,STAR BAKER,Garden designer,Beckenham,Lemon and Poppy Seed Drizzle Cake,Chocolate Orange Mirror Cake
7,2,Andrew,25,4,IN,Aerospace engineer,"Derby / Holywood, County Down",Beehive Biscuits,Punting in Cambridge
7,2,Benjamina,23,3,IN,Teaching assistant,South London,Bouquet Biscuits,"New York, New York"
7,2,Jane,61,2,IN,Garden designer,Beckenham,Flower Pot Iced Biscuits,Hastings Old Town Fishing Net Shops and Boat
7,2,Kate,37,1,IN,Nurse,"Brooke, Norfolk","""A Biscuit for the Broads""","""I Promise I will do my best"""
7,2,Michael,20,9,IN,Student,Durham,"Malt, Chocolate and Orange Iced ""Beer"" Biscuits",Trip to See Santa in Lapland
7,2,Rav,28,6,IN,Student support,Erith,Union Jack Bunting Biscuits,Gingerbread Christmas Fairground
7,2,Selasi,30,11,IN,Client service associate,London,"""Wheelie Hot Iced Biscuits""",Stained Glass Window Gingerbread Church
7,2,Tom,26,7,IN,Project engagement manager,Rochdale,Chai Frappelatteccino Biscuits,Tom and Pod's Near Death Experience
7,2,Val,66,5,IN,"Semi-retired, Substitute teacher",Yeovil,Sunday Treat Iced Ice Cream Cone Biscuits,From Holland to New York via Yorkshire
7,2,Louise,46,10,OUT,Hairdresser,Cardiff,Baa Bara Brith Biscuits,Gingerbread Wedding
7,2,Candice,31,8,STAR BAKER,PE teacher,"Barton-Le-Clay, Bedfordshire","Salted Caramel, Chocolate Iced Shiny Hearts",Gingerbread Pub with Sticky Ginger Carpet
7,3,Andrew,25,2,IN,Aerospace engineer,"Derby / Holywood, County Down",Chocolate Barmbrack Bread,Braided Harvest Bread Basket
7,3,Benjamina,23,6,IN,Teaching assistant,South London,"Chocolate, Tahini and Almond Babka",Braided Bread Heart
7,3,Candice,31,3,IN,PE teacher,"Barton-Le-Clay, Bedfordshire","Chocolate, Salted Caramel & Pecan Brittle Brioche Loaf",Italian Light and Dark Rye Twist
7,3,Jane,61,9,IN,Garden designer,Beckenham,Chocolate and Cranberry Couronne,Chorizo and Chilli Flower with Parmesan and Pesto Centre
7,3,Kate,37,8,IN,Nurse,"Brooke, Norfolk",Cobbled Loaf,The Corn Maiden
7,3,Rav,28,10,IN,Student support,Erith,"Chocolate, Cardamom and Hazelnut Loaf",Three Tier Diwali Bread Centrepiece
7,3,Selasi,30,5,IN,Client service associate,London,"Chocolate, Orange and Cinnamon Bread",Bedouin Escape Tear and Share Bread
7,3,Val,66,1,IN,"Semi-retired, Substitute teacher",Yeovil,Double Chocolate Cinnamon Twist Loaf,"""And They All Went Into The Ark To Get Out Of The Rain"""
7,3,Michael,20,7,OUT,Student,Durham,Chocolate and Chilli Swirl Plait,Cypriot Dove and Olive Branch Plaited Loaf with Houmous
7,3,Tom,26,4,STAR BAKER,Project engagement manager,Rochdale,Chocolate Orange and Chilli Swirl Bread,Jörmungandr and Mjölnir
7,4,Andrew,25,4,IN,Aerospace engineer,"Derby / Holywood, County Down",Yorkshire 'Tapas' Puddings,Churros Window Box
7,4,Candice,31,2,IN,PE teacher,"Barton-Le-Clay, Bedfordshire",Yorkshire Wellingtons,Two-Way Peanut Butter Churros
7,4,Jane,61,3,IN,Garden designer,Beckenham,Meat and Two Veg Yorkshires,Pistachio and White Chocolate Churros
7,4,Rav,28,9,IN,Student support,Erith,Thai Tofu Panang Yorkshires,Three Dip Matcha Pistachio Churros
7,4,Selasi,30,8,IN,Client service associate,London,Perfect Sunday Roast Accompaniment,Lemon and Anise Churros
7,4,Tom,26,5,IN,Project engagement manager,Rochdale,West Yorkshire Fusion Puddings,Fennel Churros Snake In The Grass
7,4,Val,66,6,IN,"Semi-retired, Substitute teacher",Yeovil,Mum's Chilli Yorkshire Puddings,Orange Chocolate Churros
7,4,Kate,37,7,OUT,Nurse,"Brooke, Norfolk",Christmas Dinner Compromise,Hot Cross Bunny Churros
7,4,Benjamina,23,1,STAR BAKER,Teaching assistant,South London,"Red Onion Chutney, Brie and Bacon Yorkshire Puddings",Tropical Churros
7,5,Andrew,25,6,IN,Aerospace engineer,"Derby / Holywood, County Down",Mum and Dad's Breakfast Pastries,Spicy Chorizo Squash Parcels and Baklava Bites
7,5,Benjamina,23,5,IN,Teaching assistant,South London,'Good Morning America' Swirls and Peanut Butter and Banana Pinwheels,Plantain and Spinach Samosas and Chai Pear Cups
7,5,Jane,61,1,IN,Garden designer,Beckenham,"Orange Pain au Raisins, Raspberry, Chocolate and Almond Danish","Roquefort, Fig and Walnut Parcels and Cherry and Chocolate Cones"
7,5,Rav,28,8,IN,Student support,Erith,"Cinnamon Swirls and Pecan, Walnut and Maple Plaits",Chinese Style Prawn Filo Tartlets and Spiced White Chocolate and Hazelnut Samosas
7,5,Selasi,30,3,IN,Client service associate,London,"Rhubarb, Mango and Ginger Plait, and Pineapple and Coconut Pinwheels","Parma Ham, Asparagus and Cheese Filo Cigars and Coffee Cream Filo Cups"
7,5,Tom,26,4,IN,Project engagement manager,Rochdale,Mega Breakfast Bonanzas; Granola Spirals and Wheat Foldovers,Yin and Yang Amuse-bouche
7,5,Val,66,7,OUT,"Semi-retired, Substitute teacher",Yeovil,"Pecan and Maple Syrup Pinwheels and Apple, Sultana and Cinnamon Swirls","Caramelised Red Onion, Goats Cheese Tartlets and Mincemeat and Apple Spiced Parcels"
7,5,Candice,31,2,STAR BAKER,PE teacher,"Barton-Le-Clay, Bedfordshire","Danish Pastry Croque Monsieur Kites and Cinnamon Apple, Vanilla Crème Rose Danish","Sausage, Black Pudding and Apple Rounds and Banoffee Whiskey Cups"
7,6,Andrew,25,6,IN,Aerospace engineer,"Derby / Holywood, County Down",Tangy Lime and Ginger Meringue Pie,Spring Elderflower Trio
7,6,Benjamina,23,2,IN,Teaching assistant,South London,Grapefruit and Ginger Meringue Pie,Floral Tea Cake
7,6,Candice,31,5,IN,PE teacher,"Barton-Le-Clay, Bedfordshire","Lime, Coconut and Lemongrass Sugar Meringue Pie",Four Seasons Cake
7,6,Jane,61,4,IN,Garden designer,Beckenham,Lime and Coconut Meringue Pie,Three Tier Orange Cake with a Floral Chocolate Collar
7,6,Selasi,30,7,IN,Client service associate,London,"Grapefruit, Orange and Mint Meringue Pie",Three Tiered Ombré Floral Cake
7,6,Rav,28,3,OUT,Student support,Erith,Mandarin Margarita Meringue Pie,Blossom Cake
7,6,Tom,26,1,STAR BAKER,Project engagement manager,Rochdale,Blood Orange Halloween Pumpkin Pie,Floral Tea Cake
7,7,Benjamina,23,3,IN,Teaching assistant,South London,Piña Colada Roulade,Apple Crumble Mousse Cake and Chocolate Coffee Mousse Cake
7,7,Candice,31,2,IN,PE teacher,"Barton-Le-Clay, Bedfordshire",Crowd Pleaser Roulade,Blackberry and Raspberry Bubbles and After Dinner Mousse
7,7,Jane,61,4,IN,Garden designer,Beckenham,Chocolate and Hazelnut Roulade,"Chocolate, Coffee, and Vanilla Joconde Cakes and Blackcurrant and Vanilla Ombre Mousses"
7,7,Selasi,30,6,IN,Client service associate,London,Summer Picnic Roulade,"Lemon, Strawberry and Passionfruit and Chocolate and Mint Mini Mousse Cakes"
7,7,Tom,26,5,OUT,Project engagement manager,Rochdale,Millionaire's Roulade,Hipster Picnic
7,7,Andrew,25,1,STAR BAKER,Aerospace engineer,"Derby / Holywood, County Down",Tropical Holiday Roulade,Childhood Ice Cream Mousse Cakes
7,8,Andrew,25,2,IN,Aerospace engineer,"Derby / Holywood, County Down",Da Vinci Inspired Geared Pies,Jousting Knights Marchpane
7,8,Jane,61,5,IN,Garden designer,Beckenham,Tudor Rose Pies,Swans
7,8,Selasi,30,3,IN,Client service associate,London,Bouquet of Flowers,Fruity Tudor Marchpane
7,8,Benjamina,23,4,OUT,Teaching assistant,South London,Mexican Adventure,Tudor Garden
7,8,Candice,31,1,STAR BAKER,PE teacher,"Barton-Le-Clay, Bedfordshire",Cheesy Cheeky Fish Pies,Peacock
7,9,Candice,31,3,IN,PE teacher,"Barton-Le-Clay, Bedfordshire","Red Onion, Cambozola and Walnut Palmiers and Mushroom, Streaky Bacon, and Parmesan Palmiers",Chocolate Praline Fondant Fancies and Cherry Bakewell Fondant Fancies
7,9,Jane,61,1,IN,Garden designer,Beckenham,"Pesto and Sundried Tomato Palmiers and Goats Cheese, Olive and Parma Ham Palmiers",Pistachio and Raspberry Fondant Fancies and Lemon Curd Surprise Fondant Fancies
7,9,Selasi,30,4,OUT,Client service associate,London,"Sundried Tomato, Onion, Peppers and Parmesan Palmiers and Salmon, Spinach and Mushroom Palmiers",Lime and Ginger Fondant Fancies and Pink Velvet and Raspberry Prosecco Fondant Fancies
7,9,Andrew,25,2,STAR BAKER,Aerospace engineer,"Derby / Holywood, County Down",Cheesy Elephant Ears and Herby Treble Clefs,Philharmonic Fondants
7,10,Andrew,25,1,Runner-up,Aerospace engineer,"Derby / Holywood, County Down",Crunchy Caramel Cassis Crown,Family and Friends' Favourites Picnic
7,10,Jane,61,3,Runner-up,Garden designer,Beckenham,"Red, White and Blue Meringue Crown",Family Favourites Feast
7,10,Candice,31,2,WINNER,PE teacher,"Barton-Le-Clay, Bedfordshire",Queen Victoria's Mango and Strawberry Crown,Picnic for Pearly Kings and Queens
8,1,Chris,50,12,IN,Software developer,Bristol,Tropical Fresh Fruit Cake,'Raised Pork Pie and Egg Surprise' Cake
8,1,Flo,71,9,IN,Retired,Merseyside,Citrus Layer Cake,'One in a Melon' Cake
8,1,James,46,2,IN,Banker,"Brentwood, Essex","Orange, Rhubarb & Ginger Crumble Cake",'Mock-accino and Croissant' Cake
8,1,Julia,21,3,IN,Aviation Broker,"Crawley, West Sussex",Courgette and Lemon Cake,'Russian Doll' Cake
8,1,Kate,29,1,IN,Health and safety inspector,Merseyside,Moroccan Strawberry and Rose Cake,'Chocolate Terrarium' Cake
8,1,Liam,19,8,IN,Student,North London,Apple and Almond Crumble Maple Loaf,'Stackin' Sunday' Cake
8,1,Sophie,33,5,IN,Former army officer and trainee stuntwoman,"West Molesey, Surrey",Pineapple and Coconut Sandwich Cake,'Champagne Bottle and Bucket' Cake
8,1,Stacey,42,11,IN,Former school teacher,"Radlett, Hertfordshire",Granny Smith Apple and Walnut Cake,'Black Evening Clutch Bag' Cake
8,1,Tom,29,7,IN,Architect,Edinburgh,Gilded Pear and Cardamom Cake,'Stack of Books' Cake
8,1,Yan,46,4,IN,Laboratory research scientist,North London,Windfall Apple Crumble Cake,'Banana-ramen' Cake
8,1,Peter,52,10,OUT,IT programme manager,"Southend, Essex",Coconut Cake,'Bread on a Breadboard' Cake
8,1,Steven,34,6,STAR BAKER,Marketer,"Watford, Hertfordshire",Bonfire Night Cake,'A Baker's Lunch' Cake
8,2,Flo,71,10,IN,Retired,Merseyside,Gin Jam Butties,'Pick My Bones' Game
8,2,James,46,3,IN,Banker,"Brentwood, Essex",Rhubarb and Custard Whirls,'Coppit' Game
8,2,Julia,21,4,IN,Aviation Broker,"Crawley, West Sussex",Middle Eastern Delight Sandwich Biscuits,'A British Baking' Game
8,2,Kate,29,8,IN,Health and safety inspector,Merseyside,Coconut Seashells for a Titanic Afternoon Tea,'Jungle' Game
8,2,Liam,19,7,IN,Student,North London,Coffee Malted Pecan Shorties,'Classroom Classics' Game
8,2,Sophie,33,2,IN,Former army officer and trainee stuntwoman,"West Molesey, Surrey",Lemon Limoncino Sandwich Biscuits,'Snakes and Ladders' Game
8,2,Stacey,42,9,IN,Former school teacher,"Radlett, Hertfordshire",Sparkly Chocolate and Marshmallow Fluff Cookies,'Get to School' Game
8,2,Tom,29,5,IN,Architect,Edinburgh,Coffee and Amaretto Kisses,'Drain Pipes and Ladders' Game
8,2,Yan,46,1,IN,Laboratory research scientist,North London,'Mrs. Marian's PB 'n' B' Biscuits,'Adventures in Bakeland' Game
8,2,Chris,50,11,OUT,Software developer,Bristol,Chocolate Chia Seed Biscuits with Whisky Caramel Filling,'The Great British Sail Off' Game
8,2,Steven,34,6,STAR BAKER,Marketer,"Watford, Hertfordshire",Amarpressi Biscuits,'Check Bake' Game
8,3,James,46,9,IN,Banker,"Brentwood, Essex",Nordic Teacakes,'Owl in the Woods' Bread Sculpture
8,3,Kate,29,10,IN,Health and safety inspector,Merseyside,Blueberry Buns,'Kraken' Bread Sculpture
8,3,Liam,19,5,IN,Student,North London,Jamaican Spiced Teacakes,'Kneadapolitan' Bread Sculpture
8,3,Sophie,33,6,IN,Former army officer and trainee stuntwoman,"West Molesey, Surrey",Tagine Teacakes,'Picnic Basket' Bread Sculpture
8,3,Stacey,42,1,IN,Former school teacher,"Radlett, Hertfordshire",Cranberry and Cinnamon Teacakes,'Ascot Hat' Bread Sculpture
8,3,Steven,34,3,IN,Marketer,"Watford, Hertfordshire",Madras Cocktail Teacakes,'The Bag I Knead' Bread Sculpture
8,3,Tom,29,4,IN,Architect,Edinburgh,Orange and Cranberry Teacakes,'Pink & Yellow Rose Centrepiece' Bread Sculpture
8,3,Yan,46,8,IN,Laboratory research scientist,North London,'Mrs P's' Masala Chai Spiced Teacakes,'Basil the Vegetarian Dragon with his Pumpkin Hoard' Bread Sculpture
8,3,Flo,71,7,OUT,Retired,Merseyside,Cinnamon and Orange Teacakes,'Davy Jones' Locker' Bread Sculpture
8,3,Julia,21,2,STAR BAKER,Aviation Broker,"Crawley, West Sussex",Earl Grey Dried Fruit Teacakes,'The Snail Under a Mushroom' Bread Sculpture
8,4,James,46,2,IN,Banker,"Brentwood, Essex",'Windy City' Millionaire Shortbreads,Nutty Caramel Cake
8,4,Julia,21,9,IN,Aviation Broker,"Crawley, West Sussex",Pecan Salted Caramel Millionaire Shortbreads,Poppy Seed Caramel Cake
8,4,Liam,19,3,IN,Student,North London,Salted Peanut Butter Millionaire Shortbreads,White Layered Ginger Caramel Cake
8,4,Sophie,33,4,IN,Former army officer and trainee stuntwoman,"West Molesey, Surrey",Jaffa Millionaire Shortbreads,Bird's Nest Caramel Cake
8,4,Stacey,42,1,IN,Former school teacher,"Radlett, Hertfordshire",Rum Salted Caramel Millionaire Shortbreads,Chocolate and Coffee Caramel Cake
8,4,Steven,34,7,IN,Marketer,"Watford, Hertfordshire",Orange Macadamia Nut Millionaire Shortbreads,Caramel Crown Cake
8,4,Yan,46,8,IN,Laboratory research scientist,North London,'Lil' Red's Ginger and Nuts' Millionaire Shortbreads,Animals of the Rainforest Caramel Cake
8,4,Tom,29,5,OUT,Architect,Edinburgh,Stem Ginger Caramel Shortbreads,Hummingbird Cake
8,4,Kate,29,6,STAR BAKER,Health and safety inspector,Merseyside,Salted Bay Caramel Millionaire Shortbreads,Sticky Toffee Apple Caramel Cake
8,5,Julia,21,3,IN,Aviation Broker,"Crawley, West Sussex",Orange & Treacle Steamed School Pudding,'Opulent Ornament' Trifle Terrine
8,5,Kate,29,8,IN,Health and safety inspector,Merseyside,'Mr Darcy's Steamy Lake Scene' Steamed School Pudding,'My Great Great Nan's' Raspberry Trifle Terrine
8,5,Liam,19,2,IN,Student,North London,Cherries & Lemons that are 'Baked Well','Cheers Lads' Trifle Terrine
8,5,Stacey,42,4,IN,Former school teacher,"Radlett, Hertfordshire",Bakewell Tart Steamed School Pudding,Tropical Trifle Terrine
8,5,Steven,34,5,IN,Marketer,"Watford, Hertfordshire",Lemon & Blackcurrant Drizzle Steamed School Pudding,'From Across the Jelly Pond' Trifle Terrine
8,5,Yan,46,6,IN,Laboratory research scientist,North London,Mango Fruit Hat Steamed School Pudding,'Heart of a Hero' Trifle Terrine
8,5,James,46,7,OUT,Banker,"Brentwood, Essex",Orange and Ginger Steamed School Pudding,'The Missed Silver Jubilee' Trifle Terrine
8,5,Sophie,33,1,STAR BAKER,Former army officer and trainee stuntwoman,"West Molesey, Surrey","Ginger, Fig and Honey Steamed School Pudding","Raspberry, Yuzu & White Chocolate Bûche Trifle Terrine"
8,6,Kate,29,5,IN,Health and safety inspector,Merseyside,'Vegetarian Pie Faces' Decorative Pies,Potato Curry Pie with Mango & Chilli Glaze
8,6,Sophie,33,2,IN,Former army officer and trainee stuntwoman,"West Molesey, Surrey",'The Four Seasons' Decorative Pies,Game Pie with Glazed Forest Fruits
8,6,Stacey,42,6,IN,Former school teacher,"Radlett, Hertfordshire",'Love Theme' Decorative Pies,Indian Hand Raised Pie with Mango
8,6,Steven,34,3,IN,Marketer,"Watford, Hertfordshire",'Fleetwood Mac' Decorative Pies,Christmas Pie
8,6,Yan,46,1,IN,Laboratory research scientist,North London,'πr2' Decorative Pies,Chequerboard Pie
8,6,Julia,21,7,OUT,Aviation Broker,"Crawley, West Sussex",'Pies from the Tree' Decorative Pies,'Special Occasion' Pie
8,6,Liam,19,4,STAR BAKER,Student,North London,'Standard FC' Decorative Pies,'Nan's Sunday Dinner' Pie
8,7,Kate,29,6,IN,Health and safety inspector,Merseyside,'Happy Hour' Cocktail Cannoli,'Flavour Fusion' Sfogliatelle
8,7,Liam,19,2,IN,Student,North London,'Just Doing Me' Cannoli,'Morning Delivery' Sfogliatelle
8,7,Sophie,33,3,IN,Former army officer and trainee stuntwoman,"West Molesey, Surrey",'Classics with a Twist' Cannoli,'Classics' Sfogliatelle
8,7,Stacey,42,4,IN,Former school teacher,"Radlett, Hertfordshire",My All Time Favourite Desserts,Pastry Surprise
8,7,Yan,46,5,OUT,Laboratory research scientist,North London,Cannoli Cocktails,Canadian-Style Sfogliatelle
8,7,Steven,34,1,STAR BAKER,Marketer,"Watford, Hertfordshire",Italian Style Cannoli,'Sicilian-style' Sfogliatelle
8,8,Kate,29,2,IN,Health and safety inspector,Merseyside,Burrito Bedfordshire Clangers,'Liver Building Turret' Savoy Cake
8,8,Sophie,33,4,IN,Former army officer and trainee stuntwoman,"West Molesey, Surrey",Char Siu & Banana Praline Bedfordshire Clangers,Citrus with Green Apple Croquembouche Savoy Cake
8,8,Steven,34,1,IN,Marketer,"Watford, Hertfordshire",'Mediterranean Medley' Bedfordshire Clangers,Chestnut Rum Savoy Cake
8,8,Liam,19,5,OUT,Student,North London,'Take Out' Bedfordshire Clangers,'Fort Wizardore' Savoy Cake
8,8,Stacey,42,3,STAR BAKER,Former school teacher,"Radlett, Hertfordshire",Camembert & Onion and Apple & Blueberry Bedfordshire Clangers,'Bright' Lemon & Orange Savoy Cake
8,9,Kate,29,4,IN,Health and safety inspector,Merseyside,Bellini and Valencian Orange Choux Buns,'Rainbow' Meringue Centrepiece
8,9,Steven,34,3,IN,Marketer,"Watford, Hertfordshire",Key Lime Cheesecake and Bakewell Tart Choux Buns,'Some Air Over the Rainbow' Meringue Centrepiece
8,9,Stacey,42,2,OUT,Former school teacher,"Radlett, Hertfordshire",'Choux-nicorn and Choux-moji' Choux Buns,'Flamingos in Love' Meringue Centrepiece
8,9,Sophie,33,1,STAR BAKER,Former army officer and trainee stuntwoman,"West Molesey, Surrey",Strawberry & Rhubarb and Chestnut & Vanilla Choux Buns,'Tutu with Opera Filling' Meringue Centrepiece
8,10,Kate,29,3,Runner-up,Health and safety inspector,Merseyside,"Roman Spelt, Coconut Kala Chana and Flower Breads","White Chocolate, Yuzu and Lychee Entremet"
8,10,Steven,34,1,Runner-up,Marketer,"Watford, Hertfordshire","Spelt & Rye, Toasted Garlic & Fontina and Sweet Chocolate Breads",'Yin Yang' Entremet
8,10,Sophie,33,2,WINNER,Former army officer and trainee stuntwoman,"West Molesey, Surrey","Spelt Boules, Mushroom Ciabatta and Orange Plaited Brioche",'Ode to the Honey Bee' Entremet
9,1,Antony,30,12,IN,Banker,London,NA,NA
9,1,Briony,33,2,IN,Full-time parent,Bristol,NA,NA
9,1,Dan,36,4,IN,Full-time parent,London,NA,NA
9,1,Jon,47,5,IN,Blood courier,Newport,NA,NA
9,1,Karen,60,6,IN,In-store sampling assistant,Wakefield,NA,NA
9,1,Kim-Joy,27,10,IN,Mental health specialist,Leeds,NA,NA
9,1,Luke,30,8,IN,Civil servant/house and techno DJ,Sheffield,NA,NA
9,1,Rahul,30,7,IN,Research scientist,Rotherham,NA,NA
9,1,Ruby,29,1,IN,Project manager,London,NA,NA
9,1,Terry,56,9,IN,Retired air steward,West Midlands,NA,NA
9,1,Imelda,33,11,OUT,Countryside recreation officer,County Tyrone,NA,NA
9,1,Manon,26,3,STAR BAKER,Software project manager,London,NA,NA
9,2,Antony,30,9,IN,Banker,London,NA,NA
9,2,Briony,33,5,IN,Full-time parent,Bristol,NA,NA
9,2,Dan,36,3,IN,Full-time parent,London,NA,NA
9,2,Jon,47,1,IN,Blood courier,Newport,NA,NA
9,2,Karen,60,11,IN,In-store sampling assistant,Wakefield,NA,NA
9,2,Kim-Joy,27,4,IN,Mental health specialist,Leeds,NA,NA
9,2,Manon,26,6,IN,Software project manager,London,NA,NA
9,2,Ruby,29,10,IN,Project manager,London,NA,NA
9,2,Terry,56,8,IN,Retired air steward,West Midlands,NA,NA
9,2,Luke,30,7,OUT,Civil servant/house and techno DJ,Sheffield,NA,NA
9,2,Rahul,30,2,STAR BAKER,Research scientist,Rotherham,NA,NA
9,3,Briony,33,9,IN,Full-time parent,Bristol,NA,NA
9,3,Dan,36,6,IN,Full-time parent,London,NA,NA
9,3,Jon,47,2,IN,Blood courier,Newport,NA,NA
9,3,Karen,60,5,IN,In-store sampling assistant,Wakefield,NA,NA
9,3,Kim-Joy,27,10,IN,Mental health specialist,Leeds,NA,NA
9,3,Manon,26,3,IN,Software project manager,London,NA,NA
9,3,Ruby,29,7,IN,Project manager,London,NA,NA
9,3,Terry,56,1,IN,Retired air steward,West Midlands,NA,NA
9,3,Antony,30,8,OUT,Banker,London,NA,NA
9,3,Rahul,30,4,STAR BAKER,Research scientist,Rotherham,NA,NA
9,4,Briony,33,5,IN,Full-time parent,Bristol,NA,NA
9,4,Jon,47,3,IN,Blood courier,Newport,NA,NA
9,4,Karen,60,7,IN,In-store sampling assistant,Wakefield,NA,NA
9,4,Kim-Joy,27,6,IN,Mental health specialist,Leeds,NA,NA
9,4,Manon,26,8,IN,Software project manager,London,NA,NA
9,4,Rahul,30,4,IN,Research scientist,Rotherham,NA,NA
9,4,Ruby,29,2,IN,Project manager,London,NA,NA
9,4,Dan,36,1,STAR BAKER,Full-time parent,London,NA,NA
9,5,Briony,33,6,IN,Full-time parent,Bristol,NA,NA
9,5,Dan,36,2,IN,Full-time parent,London,NA,NA
9,5,Jon,47,7,IN,Blood courier,Newport,NA,NA
9,5,Manon,26,5,IN,Software project manager,London,NA,NA
9,5,Rahul,30,3,IN,Research scientist,Rotherham,NA,NA
9,5,Ruby,29,1,IN,Project manager,London,NA,NA
9,5,Karen,60,9,OUT,In-store sampling assistant,Wakefield,NA,NA
9,5,Terry,56,8,OUT,Retired air steward,West Midlands,NA,NA
9,5,Kim-Joy,27,4,STAR BAKER,Mental health specialist,Leeds,NA,NA
9,6,Jon,47,2,IN,Blood courier,Newport,NA,NA
9,6,Kim-Joy,27,5,IN,Mental health specialist,Leeds,NA,NA
9,6,Manon,26,4,IN,Software project manager,London,NA,NA
9,6,Rahul,30,3,IN,Research scientist,Rotherham,NA,NA
9,6,Ruby,29,7,IN,Project manager,London,NA,NA
9,6,Dan,36,6,OUT,Full-time parent,London,NA,NA
9,6,Briony,33,1,STAR BAKER,Full-time parent,Bristol,NA,NA
9,7,Briony,33,5,IN,Full-time parent,Bristol,NA,NA
9,7,Manon,26,2,IN,Software project manager,London,NA,NA
9,7,Rahul,30,1,IN,Research scientist,Rotherham,NA,NA
9,7,Ruby,29,3,IN,Project manager,London,NA,NA
9,7,Jon,47,4,OUT,Blood courier,Newport,NA,NA
9,7,Kim-Joy,27,6,STAR BAKER,Mental health specialist,Leeds,NA,NA
9,8,Briony,33,1,IN,Full-time parent,Bristol,NA,NA
9,8,Kim-Joy,27,2,IN,Mental health specialist,Leeds,NA,NA
9,8,Rahul,30,5,IN,Research scientist,Rotherham,NA,NA
9,8,Manon,26,4,OUT,Software project manager,London,NA,NA
9,8,Ruby,29,3,STAR BAKER,Project manager,London,NA,NA
9,9,Kim-Joy,27,2,IN,Mental health specialist,Leeds,NA,NA
9,9,Rahul,30,4,IN,Research scientist,Rotherham,NA,NA
9,9,Briony,33,3,OUT,Full-time parent,Bristol,NA,NA
9,9,Ruby,29,1,STAR BAKER,Project manager,London,NA,NA
9,10,Kim-Joy,27,1,Runner-up,Mental health specialist,Leeds,NA,NA
9,10,Ruby,29,3,Runner-up,Project manager,London,NA,NA
9,10,Rahul,30,2,WINNER,Research scientist,Rotherham,NA,NA
10,1,Alice,28,5,IN,Geography teacher,Essex,NA,NA
10,1,Amelia,24,4,IN,Fashion designer,Halifax,NA,NA
10,1,David,36,10,IN,International health adviser,Whitby,NA,NA
10,1,Helena,40,12,IN,Online project manager,Leeds,NA,NA
10,1,Henry,20,1,IN,Student,Durham,NA,NA
10,1,Jamie,20,13,IN,Part-time waiter,Surrey,NA,NA
10,1,Michael,26,11,IN,Theatre manager/fitness instructor,Stratford-upon-Avon,NA,NA
10,1,Phil,56,8,IN,HGV driver,Rainham,NA,NA
10,1,Priya,34,7,IN,Marketing consultant,Leicester,NA,NA
10,1,Rosie,28,2,IN,Veterinary surgeon,Somerset,NA,NA
10,1,Steph,28,3,IN,Shop assistant,Chester,NA,NA
10,1,Dan,32,9,OUT,Support worker,Rotherham,NA,NA
10,1,Michelle,35,6,STAR BAKER,Print shop administrator,"Tenby, Wales",NA,NA
10,2,Amelia,24,9,IN,Fashion designer,Halifax,NA,NA
10,2,David,36,2,IN,International health adviser,Whitby,NA,NA
10,2,Helena,40,12,IN,Online project manager,Leeds,NA,NA
10,2,Henry,20,6,IN,Student,Durham,NA,NA
10,2,Michael,26,4,IN,Theatre manager/fitness instructor,Stratford-upon-Avon,NA,NA
10,2,Michelle,35,8,IN,Print shop administrator,"Tenby, Wales",NA,NA
10,2,Phil,56,3,IN,HGV driver,Rainham,NA,NA
10,2,Priya,34,7,IN,Marketing consultant,Leicester,NA,NA
10,2,Rosie,28,5,IN,Veterinary surgeon,Somerset,NA,NA
10,2,Steph,28,10,IN,Shop assistant,Chester,NA,NA
10,2,Jamie,20,11,OUT,Part-time waiter,Surrey,NA,NA
10,2,Alice,28,1,STAR BAKER,Geography teacher,Essex,NA,NA
10,3,Alice,28,7,IN,Geography teacher,Essex,NA,NA
10,3,David,36,2,IN,International health adviser,Whitby,NA,NA
10,3,Helena,40,8,IN,Online project manager,Leeds,NA,NA
10,3,Henry,20,1,IN,Student,Durham,NA,NA
10,3,Michelle,35,5,IN,Print shop administrator,"Tenby, Wales",NA,NA
10,3,Phil,56,10,IN,HGV driver,Rainham,NA,NA
10,3,Priya,34,4,IN,Marketing consultant,Leicester,NA,NA
10,3,Rosie,28,9,IN,Veterinary surgeon,Somerset,NA,NA
10,3,Steph,28,3,IN,Shop assistant,Chester,NA,NA
10,3,Amelia,24,11,OUT,Fashion designer,Halifax,NA,NA
10,3,Michael,26,6,STAR BAKER,Theatre manager/fitness instructor,Stratford-upon-Avon,NA,NA
10,4,Alice,28,8,IN,Geography teacher,Essex,NA,NA
10,4,David,36,2,IN,International health adviser,Whitby,NA,NA
10,4,Helena,40,9,IN,Online project manager,Leeds,NA,NA
10,4,Henry,20,3,IN,Student,Durham,NA,NA
10,4,Michael,26,7,IN,Theatre manager/fitness instructor,Stratford-upon-Avon,NA,NA
10,4,Michelle,35,5,IN,Print shop administrator,"Tenby, Wales",NA,NA
10,4,Priya,34,10,IN,Marketing consultant,Leicester,NA,NA
10,4,Rosie,28,4,IN,Veterinary surgeon,Somerset,NA,NA
10,4,Phil,56,6,OUT,HGV driver,Rainham,NA,NA
10,4,Steph,28,1,STAR BAKER,Shop assistant,Chester,NA,NA
10,5,Alice,28,6,IN,Geography teacher,Essex,NA,NA
10,5,David,36,9,IN,International health adviser,Whitby,NA,NA
10,5,Henry,20,3,IN,Student,Durham,NA,NA
10,5,Michael,26,8,IN,Theatre manager/fitness instructor,Stratford-upon-Avon,NA,NA
10,5,Priya,34,2,IN,Marketing consultant,Leicester,NA,NA
10,5,Rosie,28,5,IN,Veterinary surgeon,Somerset,NA,NA
10,5,Helena,40,1,OUT,Online project manager,Leeds,NA,NA
10,5,Michelle,35,7,OUT,Print shop administrator,"Tenby, Wales",NA,NA
10,5,Steph,28,4,STAR BAKER,Shop assistant,Chester,NA,NA
10,6,Alice,28,1,IN,Geography teacher,Essex,NA,NA
10,6,David,36,2,IN,International health adviser,Whitby,NA,NA
10,6,Henry,20,4,IN,Student,Durham,NA,NA
10,6,Michael,26,6,IN,Theatre manager/fitness instructor,Stratford-upon-Avon,NA,NA
10,6,Rosie,28,5,IN,Veterinary surgeon,Somerset,NA,NA
10,6,Priya,34,7,OUT,Marketing consultant,Leicester,NA,NA
10,6,Steph,28,3,STAR BAKER,Shop assistant,Chester,NA,NA
10,7,Alice,28,6,IN,Geography teacher,Essex,NA,NA
10,7,David,36,2,IN,International health adviser,Whitby,NA,NA
10,7,Rosie,28,1,IN,Veterinary surgeon,Somerset,NA,NA
10,7,Steph,28,4,IN,Shop assistant,Chester,NA,NA
10,7,Michael,26,5,OUT,Theatre manager/fitness instructor,Stratford-upon-Avon,NA,NA
10,7,Henry,20,3,STAR BAKER,Student,Durham,NA,NA
10,8,Alice,28,3,IN,Geography teacher,Essex,NA,NA
10,8,David,36,1,IN,International health adviser,Whitby,NA,NA
10,8,Rosie,28,2,IN,Veterinary surgeon,Somerset,NA,NA
10,8,Henry,20,5,OUT,Student,Durham,NA,NA
10,8,Steph,28,4,STAR BAKER,Shop assistant,Chester,NA,NA
10,9,David,36,2,IN,International health adviser,Whitby,NA,NA
10,9,Steph,28,3,IN,Shop assistant,Chester,NA,NA
10,9,Rosie,28,1,OUT,Veterinary surgeon,Somerset,NA,NA
10,9,Alice,28,4,STAR BAKER,Geography teacher,Essex,NA,NA
10,10,Alice,28,2,Runner-up,Geography teacher,Essex,NA,NA
10,10,Steph,28,3,Runner-up,Shop assistant,Chester,NA,NA
10,10,David,36,1,WINNER,International health adviser,Whitby,NA,NA
1,1,Jasminder,45,NA,NA,Assistant Credit Control Manager,Birmingham,Fresh Mango and Passion Fruit Hummingbird Cake,N/A
1,1,Louise,44,NA,NA,Police Officer,Manchester,Carrot and Orange Cake,"Never Fail Chocolate Sponge Cake,with Fresh Fruit, White & Chocolate Cigarello Border"
1,1,Mark,48,NA,NA,Bus Driver,South Wales,Sticky Marmalade Tea Loaf,Heart-shaped Chocolate and Beetroot Cake with Store-Bought silver chocolate hearts and chocolate red and white roses.
1,1,Ruth,31,NA,NA,Retail manager/Housewife,"Poynton, Cheshire",Three Tiered Lemon Drizzle Cakewith Fresh Cream and freshly made Lemon Curd,Classic Chocolate Sponge wrapped in a Chocolate Collartopped with Handmade White and Dark Chocolate Truffles
1,6,Miranda,37,NA,NA,Food buyer for Marks & Spencer,"Midhurst, West Sussex",Lemon Cupcake,Eliminated after signature
